agency_cd,site_no,station_nm,site_tp_cd,lat_va,long_va,dec_lat_va,dec_long_va,coord_meth_cd,coord_acy_cd,coord_datum_cd,dec_coord_datum_cd,district_cd,state_cd,county_cd,country_cd,land_net_ds,map_nm,map_scale_fc,alt_va,alt_meth_cd,alt_acy_va,alt_datum_cd,huc_cd,basin_cd,topo_cd,instruments_cd,construction_dt,inventory_dt,drain_area_va,contrib_drain_area_va,tz_cd,local_time_fg,reliability_cd,gw_file_cd,nat_aqfr_cd,aqfr_cd,aqfr_type_cd,well_depth_va,hole_depth_va,depth_src_cd,project_no
USGS,251822080153201,OR-2,GW,251822,0801532,25.3065051,-80.25866329,M,U,NAD27,NAD83,122,12,087,US,,,,,,,,03090203,21,L,NNNNNNNNNNNNNNNNNNNNNNNNNNNNNN,,19930203,,,EST,Y,U,YYNNNNNN,,,,15,,,
USGS,251845080162801,OR-1A,GW,251845,0801628,25.3128938,-80.2742192,M,U,NAD27,NAD83,122,12,087,US,,,,,,,,03090203,21,L,NNNNNNNNNNNNNNNNNNNNNNNNNNNNNN,,19930203,,,EST,Y,U,YYNNNNNN,,,,40,,,
USGS,251845080162802,OR-1B,GW,251845,0801628,25.3128938,-80.2742192,M,U,NAD27,NAD83,122,12,087,US,,,,,,,,03090203,21,L,NNNNNNNNNNNNNNNNNNNNNNNNNNNNNN,,19930203,,,EST,Y,U,YYNNNNNN,,,,10,,,
USGS,251918080161701,ORO-1A,GW,251908,0801646,25.31928247,-80.2792194,M,U,NAD27,NAD83,122,12,087,US,      S   T     R,,,,,,,03090203,21,,NNNNNNNNNNNNNNNNNNNNNNNNNNNNNN,,19930303,,,EST,Y,U,YYNNNNNN,,,,40,,,
USGS,251918080161702,ORO-1B,GW,251908,0801646,25.31928247,-80.2792194,M,S,NAD27,NAD83,122,12,087,US,      S   T     R,,,,,,,03090203,21,,NNNNNNNNNNNNNNNNNNNNNNNNNNNNNN,,19930303,,,EST,Y,U,YYNNNNNN,,,,40,,,
USGS,252058080202501,S  -3001,GW,252058,0802025,25.34983714,-80.3400542,M,U,NAD27,NAD83,122,12,086,US,      S28 T58S  R40E  T,CARD SOUND,24000, 9.70,U, .1,NGVD29,03090202,21,,NNNNNNNNNNNNNNNNNNNNNNNNNNNNNN,,,,,EST,Y,C,YYNNNNNN,S400FLORDN,120FLRD,,2000,,,459831200
USGS,252322080143201,G  -3654,GW,254322,0801432,25.7231565,-80.2419942,M,S,NAD27,NAD83,122,12,086,US,      S   T     R,,,,,,,03090202,21,O,NNNNNNNNNNNNNNNNNNNNNNNNNNNNNN,19960515,19960610,,,EST,Y,C,YYNNNNNN,N400BISCYN,112BSCNN,U,20,23,,61800
USGS,252626080222001,GB -   1,GW,252626,0802220,25.44094497,-80.37199909,M,U,NAD27,NAD83,122,12,086,US,      S30 T57S  R40E  T,ARSENICKER KEYS,24000, 2.76,U,.01,NGVD29,03090202,21,,NNNNNNNNNNNNNNNNNNNNNNNNNNNNNN,,,,,EST,Y,C,YYNNNNNN,,,,1225,,,459831200
USGS,252746080222501,G  -3386A   MR-BK-DN-D,GW,252746,0802225,25.46316636,-80.3733879,M,S,NAD27,NAD83,122,12,086,US,      S18 T57S  R40E  T,"ARSENICKER KEYS, FL",  24000, 3,N,4.3,NAVD88,03090202,21,F,NNNNNNNNNNNNNNNNNNNNNNNNNNNNNN,19850101,,,,EST,Y,C,YNNNNYNN,N400BISCYN,112BSCNN,U,9,,O,
USGS,252746080222502,G  -3386B   MR-BK-DN-M,GW,252746,0802225,25.46316636,-80.3733879,M,S,NAD27,NAD83,122,12,086,US,      S18 T57S  R40E  T,"ARSENICKER KEYS, FL",  24000, 3,N,4.3,NAVD88,03090202,21,F,NNNNNNNNNNNNNNNNNNNNNNNNNNNNNN,19850101,,,,EST,Y,C,YNNNNYNN,N400BISCYN,112BSCNN,U,9,,O,
USGS,252746080222503,G  -3386C   MR-BK-DN-S,GW,252746,0802225,25.46316636,-80.3733879,M,S,NAD27,NAD83,122,12,086,US,      S18 T57S  R40E  T,"ARSENICKER KEYS, FL",  24000, 3,N,4.3,NAVD88,03090202,21,F,NNNNNNNNNNNNNNNNNNNNNNNNNNNNNN,19850101,,,,EST,Y,C,YNNNNYNN,N400BISCYN,112BSCNN,U,10,,O,
USGS,252750080222701,G  -3385A   MR-BK-MD-D,GW,252750,0802227,25.46427744,-80.37394349,M,S,NAD27,NAD83,122,12,086,US,      S18 T57S  R40E  T,"ARSENICKER KEYS, FL",  24000, 3,N,4.3,NAVD88,03090202,21,F,NNNNNNNNNNNNNNNNNNNNNNNNNNNNNN,19850101,,,,EST,Y,C,YNNNNYNN,N400BISCYN,112BSCNN,U,9,,O,
USGS,252750080222702,G  -3385B   MR-BK-MD-M,GW,252750,0802227,25.46427744,-80.37394349,M,S,NAD27,NAD83,122,12,086,US,      S18 T57S  R40E  T,"ARSENICKER KEYS, FL",  24000, 3,N,4.3,NAVD88,03090202,21,F,NNNNNNNNNNNNNNNNNNNNNNNNNNNNNN,19850101,,,,EST,Y,C,YNNNNYNN,N400BISCYN,112BSCNN,U,9,,O,
USGS,252750080222703,G  -3385C   MR-BK-MD-S,GW,252750,0802227,25.46427744,-80.37394349,M,S,NAD27,NAD83,122,12,086,US,      S18 T57S  R40E  T,"ARSENICKER KEYS, FL",  24000, 3,N,4.3,NAVD88,03090202,21,F,NNNNNNNNNNNNNNNNNNNNNNNNNNNNNN,19850101,,,,EST,Y,C,YNNNNYNN,N400BISCYN,112BSCNN,U,9,,O,
USGS,252755080222901,G  -3384A   MR-BK-UP-D,GW,252755,0802229,25.46566628,-80.374499,M,S,NAD27,NAD83,122,12,086,US,      S18 T57S  R40E  T,"ARSENICKER KEYS, FL",  24000, 3,N,4.3,NAVD88,03090202,21,F,NNNNNNNNNNNNNNNNNNNNNNNNNNNNNN,19850101,,,,EST,Y,C,YNNNNYNN,N400BISCYN,112BSCNN,U,9,,O,
USGS,252755080222902,G  -3384B   MR-BK-UP-M,GW,252755,0802229,25.46566628,-80.374499,M,S,NAD27,NAD83,122,12,086,US,      S18 T57S  R40E  T,"ARSENICKER KEYS, FL",  24000, 3,N,4.3,NAVD88,03090202,21,F,NNNNNNNNNNNNNNNNNNNNNNNNNNNNNN,19850101,,,,EST,Y,C,YNNNNYNN,N400BISCYN,112BSCNN,U,9,,O,
USGS,252755080222903,G  -3384C   MR-BK-UP-S,GW,252755,0802229,25.46566628,-80.374499,M,S,NAD27,NAD83,122,12,086,US,      S18 T57S  R40E  T,"ARSENICKER KEYS, FL",  24000, 3,N,4.3,NAVD88,03090202,21,F,NNNNNNNNNNNNNNNNNNNNNNNNNNNNNN,19850101,,,,EST,Y,C,YNNNNYNN,N400BISCYN,112BSCNN,U,9,,O,
USGS,252812080234501,G  -1035A,GW,252812,0802345,25.47038846,-80.3956106,M,S,NAD27,NAD83,122,12,086,US,SWSWNWS13 T57S  R39E  T,HOMESTEAD, 24000,,,,,03090202,21,F,NNNNNNNNNNNNNNNNNNNNNNNNNNNNNN,19701119,19701119,,,EST,Y,C,YYNNNNNN,N400BISCYN,112BSCNN,U,60,,O,459800200
USGS,252813080204701,G  -3756,GW,252813.09,0802047.44,25.4706909,-80.34628729,D,1,NAD27,NAD83,122,12,086,US,      S   T     R,,, 5.33,L,.01,NGVD29,03090202,21,,NNNNNNNNNNNNNNNNNNNNNNNNNNNNNN,,20010323,,,EST,Y,C,YYNNNYNN,N400BISCYN,112BSCNN,U,,92.9,,
USGS,252813080204702,G  -3757,GW,252813.09,0802047.57,25.4706909,-80.3463234,D,1,NAD27,NAD83,122,12,086,US,      S   T     R,,, 5.76,L,.01,NGVD29,03090202,21,,NNNNNNNNNNNNNNNNNNNNNNNNNNNNNN,,20010323,,,EST,Y,C,YYNNNYNN,N400BISCYN,112BSCNN,U,,65.6,,
USGS,252813080204703,G  -3758,GW,252813.11,0802047.71,25.47069646,-80.34636229,D,1,NAD27,NAD83,122,12,086,US,      S   T     R,,, 5.44,L,.01,NGVD29,03090202,21,,NNNNNNNNNNNNNNNNNNNNNNNNNNNNNN,,20010323,,,EST,Y,C,YYNNNYNN,N400BISCYN,112BSCNN,U,,30.7,,
USGS,252823080202501,G  -3638,GW,252823,0802025,25.47344353,-80.3400538,M,S,NAD27,NAD83,122,12,086,US,,,,,,,,03090202,21,O,NNNNNNNNNNNNNNNNNNNNNNNNNNNNNN,19960507,19960610,,,EST,Y,C,YYNNNNNN,N400BISCYN,112BSCNN,U,,,,61800
USGS,252825080221201,G  -3759,GW,252825.30,0802212.52,25.47408259,-80.3699211,D,1,NAD27,NAD83,122,12,086,US,      S   T     R,,, 3.42,L,.01,NGVD29,03090202,21,,NNNNNNNNNNNNNNNNNNNNNNNNNNNNNN,,20010323,,,EST,Y,C,YYNNNYNN,N400BISCYN,112BSCNN,U,,95.4,,
USGS,252826080202401,G  -3629,GW,252826,0802024,25.47427683,-80.339776,M,S,NAD27,NAD83,122,12,086,US,,,,,,,,03090202,21,O,NNNNNNNNNNNNNNNNNNNNNNNNNNNNNN,19960501,19960606,,,EST,Y,C,YYNNNNNN,N400BISCYN,112BSCNN,U,37.7,43,,
USGS,252828080201502,G  -3632,GW,252828,0802015,25.47483235,-80.337276,M,S,NAD27,NAD83,122,12,086,US,,,,,,,,03090202,21,O,NNNNNNNNNNNNNNNNNNNNNNNNNNNNNN,19960502,19960606,,,EST,Y,C,YYNNNNNN,N400BISCYN,112BSCNN,U,11,11,,61800
USGS,252828080801501,G  -3631,GW,252828,0802015,25.47483235,-80.337276,M,S,NAD27,NAD83,122,12,086,US,,,,,,,,03090202,21,O,NNNNNNNNNNNNNNNNNNNNNNNNNNNNNN,19960503,19960606,,,EST,Y,C,YYNNNNNN,N400BISCYN,112BSCNN,U,20,20,,61800
USGS,252829080195901,G  -3636,GW,252829,0801959,25.47511009,-80.3328314,M,S,NAD27,NAD83,122,12,086,US,,,,,,,,03090202,21,O,NNNNNNNNNNNNNNNNNNNNNNNNNNNNNN,19960506,19960606,,,EST,Y,C,YYNNNNNN,N400BISCYN,112BSCNN,U,20,20,,61800
USGS,252829080195902,G  -3637,GW,252829,0801959,25.47511009,-80.3328314,M,S,NAD27,NAD83,122,12,086,US,,,,,,,,03090202,21,O,NNNNNNNNNNNNNNNNNNNNNNNNNNNNNN,19960506,19960606,,,EST,Y,C,YYNNNNNN,N400BISCYN,112BSCNN,U,11,11,,61800
USGS,252829080200701,G  -3634,GW,252829,0802007,25.4751101,-80.33505369,M,S,NAD27,NAD83,122,12,086,US,,,,,,,,03090202,21,O,NNNNNNNNNNNNNNNNNNNNNNNNNNNNNN,19960505,19960606,,,EST,Y,C,YYNNNNNN,N400BISCYN,112BSCNN,U,20,20,,61800
USGS,252829080200702,G  -3635,GW,252829,0802007,25.4751101,-80.33505369,M,S,NAD27,NAD83,122,12,086,US,,,,,,,,03090202,21,O,NNNNNNNNNNNNNNNNNNNNNNNNNNNNNN,19960505,19960606,,,EST,Y,C,YYNNNNNN,N400BISCYN,112BSCNN,U,11,11,,61800
USGS,252853080222201,G  -  18,GW,252853,0802222,25.48177677,-80.3725545,M,U,NAD27,NAD83,122,12,086,US,,,,,,,,03090202,21,,NNNNNNNNNNNNNNNNNNNNNNNNNNNNNN,,,,,EST,Y,C,YYNNNNNN,,,,6.2,,,459832500
USGS,252918080234201,G  -1183,GW,252919.75,0802340.45,25.48881944,-80.3945694,G,H,NAD83,NAD83,122,12,086,US,NWSWNWS12 T57S  R39E  T,HOMESTEAD,  24000, 6.6,L,0.1,NGVD29,03090202,21,F,YNNNYNNNNNNNNNNNNNNNNNNNNNNNNN,19611015,19611015,,,EST,Y,C,YYNYNYNN,N400BISCYN,112BSCNN,U,47,,O,2080-00200
USGS,252918080234202,G  -1023,GW,252918,0802342,25.4887211,-80.3947772,M,U,NAD27,NAD83,122,12,086,US,      S   T     R,,,,,,,03090202,21,,NNNNNNNNNNNNNNNNNNNNNNNNNNNNNN,,,,,EST,Y,C,NYNNNNNN,,,,,,,459832500
USGS,252938080223701,G  -1176,GW,252938,0802237,25.4942763,-80.3767212,M,U,NAD27,NAD83,122,12,086,US,SWSWNWS06 T57S  R40E  T,,, 5.00,M,5.,NGVD29,03090202,21,F,NNNNNNNNNNNNNNNNNNNNNNNNNNNNNN,19610101,,,,EST,Y,C,YYNYNNNN,,,,50.6,,,459832500
USGS,252944080233401,G  -1179,GW,252944.9,0802333.8,25.49580556,-80.3927222,G,1,NAD83,NAD83,122,12,086,US,NESWSWS01 T57S  R39E  T,HOMESTEAD,  24000, 8,M, .1,NGVD29,03090202,21,F,NNNNNNNNNNNNNNNNNNNNNNNNNNNNNN,19611204,19611204,,,EST,Y,C,YYNYNYNN,N400BISCYN,112BSCNN,U,80,80,O,2080-00200
USGS,252945080231801,G  -1177,GW,252945,0802318,25.49622077,-80.3881104,M,S,NAD27,NAD83,122,12,086,US,SENWSES01 T57S  R39E  T,,,,,,,03090202,21,F,NNNNNNNNNNNNNNNNNNNNNNNNNNNNNN,19610101,,,,EST,Y,C,YYNYNNNN,N400BISCYN,112BSCNN,,56,,,459832500
USGS,252945080232001,G  -1178,GW,252945,0802320,25.49622078,-80.3886659,M,S,NAD27,NAD83,122,12,086,US,SWSENES01 T57S  R39E  T,,,,,,,03090202,21,F,NNNNNNNNNNNNNNNNNNNNNNNNNNNNNN,19610101,,,,EST,Y,C,YYNYNNNN,,,,50.2,,,459832500
USGS,252947080235201,G  -1270,GW,252947,0802352,25.49677637,-80.397555,M,U,NAD27,NAD83,122,12,086,US,SENESES07 T57S  R39E  T,,, 7.60,L, .1,NGVD29,03090202,21,F,NNNNNNNNNNNNNNNNNNNNNNNNNNNNNN,,,,,EST,Y,C,YYNYNYNN,N400BISCYN,112BSCNN,,27,,,459832500
USGS,253010080225001,G  -3316,GW,253010,0802250,25.5031649,-80.3803324,M,S,NAD27,NAD83,122,12,086,US,      S   T     R,GOULDS,  24000,,,,,03090202,21,F,NNNNNNNNNNNNNNNNNNNNNNNNNNNNNN,19831003,19831101,,,EST,Y,C,YYNNNNNN,N400BISCYN,112BSCNN,U,9,210,O,32500
USGS,253010080225004,G  -3316C,GW,253010,0802250,25.5031649,-80.3803324,M,S,NAD27,NAD83,122,12,086,US,,GOULDS,  24000,,,,,03090202,21,F,NNNNNNNNNNNNNNNNNNNNNNNNNNNNNN,19831003,19831101,,,EST,Y,C,YYNNNNNN,N400BISCYN,112BSCNN,U,9,110,O,32500
USGS,253024080231001,G  -3615,GW,253025.9,0802309.6,25.50719444,-80.386,G,1,NAD83,NAD83,122,12,086,US,NENWNES01 T57S  R39E  T,,, 4.50,U, .1,NGVD29,03090202,21,F,NNNNNNNNNNNNNNNNNNNNNNNNNNNNNN,19950919,19960117,,,EST,Y,C,YYNNNYNN,N400BISCYN,112BSCNN,U,80,80,D,2080-00200
USGS,253027080234701,G  -3700,GW,253026.1,0802348.1,25.50725,-80.3966944,G,1,NAD83,NAD83,122,12,086,US,SESESES35 T56S  R39E  T,,, 9.4,R, .1,NGVD29,03090202,21,F,NNNNNNNNNNNNNNNNNNNNNNNNNNNNNN,19990513,19990513,,,EST,Y,M,YYNNNYNN,N400BISCYN,112BSCNN,U,82.5,83,D,2080-00200
USGS,253030080193801,KENDALWOOD - 2,GW,253030,0801938,25.5087199,-80.3269978,M,U,NAD27,NAD83,122,12,086,US,,,,,,,,03090202,21,L,NNNNNNNNNNNNNNNNNNNNNNNNNNNNNN,,,,,EST,Y,C,NNNNNNNN,,,,,,,
USGS,253045080225301,G  -  38,GW,253045,0802253,25.51288679,-80.3811657,M,U,NAD27,NAD83,122,12,086,US,      S   T     R,,,,,,,03090202,21,,NNNNNNNNNNNNNNNNNNNNNNNNNNNNNN,,,,,EST,Y,C,YYNNNNNN,,,,8.4,,,459832500
USGS,253102080215201,G  -3369    SITE 12,GW,253102,0802152,25.51760873,-80.3642208,M,S,NAD27,NAD83,122,12,086,US,      S31 T56S  R40E  T,PERRINE,  24000,,,,,03090202,21,F,NNNNNNNNNNNNNNNNNNNNNNNNNNNNNN,19850201,,,,EST,Y,C,YNNNNNNN,N400BISCYN,112BSCNN,U,9,,O,
USGS,253133080224801,G  -1268,GW,253133,0802248,25.52621964,-80.37977669,M,U,NAD27,NAD83,122,12,086,US,NWSWNWS31 T56S  R40E  T,,, 4.75,L,.1,NGVD29,03090202,21,F,NNNNNNNNNNNNNNNNNNNNNNNNNNNNNN,19650101,,,,EST,Y,C,YYNYNYNN,,,,46.5,,,459832500
USGS,253202080232601,G  -3162,GW,253132.76,0802322.14,25.52576667,-80.3894833,G,1,NAD83,NAD83,122,12,086,US,NESESWS25 T56S  R39E  T,GOULDS,  24000, 6,L,  1,NGVD29,03090202,21,F,NNNNNNNNNNNNNNNNNNNNNNNNNNNNNN,19780210,19780210,,,EST,Y,C,YYNNNYNN,N400BISCYN,112BSCNN,U,92,,O,2080-00200
USGS,253203080202101,G  -3141,GW,253203,0802021,25.5345524,-80.33894239,M,U,NAD27,NAD83,122,12,086,US,,"PERRINE, FL",  24000, 2,N,4.3,NAVD88,03090202,21,,NNNNNNNNNNNNNNNNNNNNNNNNNNNNNN,,,,,EST,Y,C,YYNNNYNN,,,,10.9,,,459832500
USGS,253203080202102,G  -3142,GW,253203,0802021,25.5345524,-80.33894239,M,U,NAD27,NAD83,122,12,086,US,,"PERRINE, FL",  24000, 2,N,4.3,NAVD88,03090202,21,,NNNNNNNNNNNNNNNNNNNNNNNNNNNNNN,,,,,EST,Y,C,YYNNNYNN,,,,21.1,,,459832500
USGS,253203080203501,G  -3139,GW,253203,0802035,25.53455243,-80.3428314,M,U,NAD27,NAD83,122,12,086,US,      S   T     R,"PERRINE, FL",  24000, 3,N,4.3,NAVD88,03090202,21,,NNNNNNNNNNNNNNNNNNNNNNNNNNNNNN,,,,,EST,Y,C,YYNNNYNN,,,,28.5,,,459832500
USGS,253203080203502,G  -3140,GW,253203,0802035,25.53455243,-80.3428314,M,U,NAD27,NAD83,122,12,086,US,,"PERRINE, FL",  24000, 3,N,4.3,NAVD88,03090202,21,,NNNNNNNNNNNNNNNNNNNNNNNNNNNNNN,,,,,EST,Y,C,YYNNNYNN,,,,38.6,,,459832500
USGS,253203080204701,G  -3137,GW,253203,0802047,25.53455246,-80.3461648,M,U,NAD27,NAD83,122,12,086,US,      S   T     R,,,,,,,03090202,21,,NNNNNNNNNNNNNNNNNNNNNNNNNNNNNN,,,,,EST,Y,C,NYNNNNNN,,,,25,,,459832500
USGS,253203080204702,G  -3138,GW,253203,0802047,25.53455246,-80.3461648,M,U,NAD27,NAD83,122,12,086,US,      S   T     R,,,,,,,03090202,21,,NNNNNNNNNNNNNNNNNNNNNNNNNNNNNN,,,,,EST,Y,C,NYNNNNNN,,,,31,,,459832500
USGS,253203080205301,G  -3135,GW,253203,0802053,25.53455247,-80.3478315,M,U,NAD27,NAD83,122,12,086,US,      S   T     R,"PERRINE, FL",  24000, 19,N,4.3,NAVD88,03090202,21,,NNNNNNNNNNNNNNNNNNNNNNNNNNNNNN,,,,,EST,Y,C,YYNNNYNN,,,,15.3,,,459832500
USGS,253203080205302,G  -3136,GW,253203,0802053,25.53455247,-80.3478315,M,U,NAD27,NAD83,122,12,086,US,,"PERRINE, FL",  24000, 19,N,4.3,NAVD88,03090202,21,,NNNNNNNNNNNNNNNNNNNNNNNNNNNNNN,,,,,EST,Y,C,YYNNNYNN,,,,26.2,,,459832500
USGS,253212080210801,G  -3133,GW,253212,0802108,25.5370524,-80.3519982,M,U,NAD27,NAD83,122,12,086,US,      S   T     R,"PERRINE, FL",  24000, 4,N,4.3,NAVD88,03090202,21,,NNNNNNNNNNNNNNNNNNNNNNNNNNNNNN,,,,,EST,Y,C,YYNNNYNN,,,,10.6,,,459832500
USGS,253212080210802,G  -3134,GW,253212,0802108,25.5370524,-80.3519982,M,U,NAD27,NAD83,122,12,086,US,      S   T     R,"PERRINE, FL",  24000, 4,N,4.3,NAVD88,03090202,21,,NNNNNNNNNNNNNNNNNNNNNNNNNNNNNN,,,,,EST,Y,C,YYNNNYNN,,,,19.7,,,459832500
USGS,253214080215401,G  -3613,GW,253214,0802154,25.537608,-80.36477629,M,S,NAD27,NAD83,122,12,086,US,SESESES19 T56S  R40E  T,,, 4.4,U, .1,NGVD29,03090202,21,F,NNNNNNNNNNNNNNNNNNNNNNNNNNNNNN,19950916,19960117,,,EST,Y,C,YYNNNYNN,N400BISCYN,112BSCNN,U,60,60,D,2080-00200
USGS,253214080224601,G  -3701,GW,253213.8,0802246.3,25.53716667,-80.3795278,G,1,NAD83,NAD83,122,12,086,US,SWSWSWS19 T56S  R40E  T,,, 6.6,R, .5,NGVD29,03090202,21,F,NNNNNNNNNNNNNNNNNNNNNNNNNNNNNN,19990514,19990514,,,EST,Y,M,YYNNNYNN,N400BISCYN,112BSCNN,U,83,85,D,2080-00200
USGS,253231080224901,G  -3370    SITE 13,GW,253231,0802249,25.54233018,-80.38005438,M,S,NAD27,NAD83,122,12,086,US,      S19 T56S  R40E  T,GOULDS,  24000,,,,,03090202,21,F,NNNNNNNNNNNNNNNNNNNNNNNNNNNNNN,19850201,,,,EST,Y,C,YNNNNNNN,N400BISCYN,112BSCNN,U,9,,O,
USGS,253249080205201,G  -3130,GW,253249,0802052,25.54732979,-80.3475536,M,U,NAD27,NAD83,122,12,086,US,      S   T     R,"PERRINE, FL",  24000, 3,N,4.3,NAVD88,03090202,21,,NNNNNNNNNNNNNNNNNNNNNNNNNNNNNN,,,,,EST,Y,C,YYNNNYNN,,,,14.5,,,459832500
USGS,253249080205202,G  -3131,GW,253249,0802052,25.54732979,-80.3475536,M,U,NAD27,NAD83,122,12,086,US,      S   T     R,,,,,,,03090202,21,,NNNNNNNNNNNNNNNNNNNNNNNNNNNNNN,,,,,EST,Y,C,NYNNNNNN,,,,31.5,,,459832500
USGS,253249080205203,G  -3132,GW,253249,0802052,25.54732979,-80.3475536,M,U,NAD27,NAD83,122,12,086,US,      S   T     R,"PERRINE, FL",  24000, 3,N,4.3,NAVD88,03090202,21,,NNNNNNNNNNNNNNNNNNNNNNNNNNNNNN,,,,,EST,Y,C,YYNNNYNN,,,,45,,,459832500
USGS,253253080221201,G  -3885,GW,253253.1,0802212.7,25.54808333,-80.3701944,G,5,NAD83,NAD83,122,12,086,US,SWNWNES19 T56S  R40E  T,,, 6.94,L,.01,NGVD29,03090202,21,F,NNNNNNNNNNNNNNNNNNNNNNNNNNNNNN,20090701,20090701,,,EST,Y,C,YY   Y,N400BISCYN,112BSCNN,U,86,107,S,SaltMap
USGS,253329080232501,G  - 385,GW,253329,0802325,25.55844077,-80.3900545,M,U,NAD27,NAD83,122,12,086,US,      S   T     R,,,,,,,03090202,21,,NNNNNNNNNNNNNNNNNNNNNNNNNNNNNN,,,,,EST,Y,C,YNNNNNNN,,,,17.9,,,459832500
USGS,253334080213601,G  -3702,GW,253335.3,0802134.6,25.55980556,-80.3596111,G,1,NAD83,NAD83,122,12,086,US,SESWNWS17 T56S  R40E  T,,, 5.3,R, .5,NGVD29,03090202,21,F,NNNNNNNNNNNNNNNNNNNNNNNNNNNNNN,19990517,19990517,,,EST,Y,M,YYNNNYNN,N400BISCYN,112BSCNN,U,83,85,D,2080-00200
USGS,253335080213501,G -3967,GW,253335.41,0802135.02,25.5598361,-80.3597278,S,H,NAD83,NAD83,122,12,086,US,,,, 7.04,L,.01,NGVD29,03090202,,,NNNNYNNNNNNNNNNNNNNNNNNNNNNNNN,20140519,,,,EST,Y,C,YY   Y,N400BISCYN,112BSCNN,U,46.0,65,S,SALTMAP
USGS,253357080211001,G  -1538,GW,253357,0802110,25.56621805,-80.3525536,M,F,NAD27,NAD83,122,12,086,US,NENWNES17 T56S  R40E  T,,,,,,,03090202,21,T,NNNNNNNNNNNNNNNNNNNNNNNNNNNNNN,19710101,,,,EST,Y,C,YYNYNNNN,,,,62,,,459832500
USGS,253402080214201,G  -3161,GW,253402,0802142,25.56760694,-80.3614427,M,U,NAD27,NAD83,122,12,086,US,      S   T     R,,, 5.00,U, .1,NGVD29,03090202,21,,NNNNNNNNNNNNNNNNNNNNNNNNNNNNNN,,,,,EST,Y,C,YYNNNNNN,,,,83,,,459832500
USGS,253413080225301,G  -3969,GW,253413.43,0802253.27,25.5703972,-80.38146389,S,H,NAD83,NAD83,122,12,086,US,,,, 10.46,L,.01,NGVD29,03090202,,,NNNNYNNNNNNNNNNNNNNNNNNNNNNNNN,20140416,,,,EST,Y,C,YY   Y,N400BISCYN,112BSCNN,U,47.7,48.5,S,SMHE2J04
USGS,253417080224301,G  -3968,GW,253416.92,0802243.13,25.57136667,-80.3786472,S,H,NAD83,NAD83,122,12,086,US,,,, 6.34,L,.01,NGVD29,03090202,,,NNNNYNNNNNNNNNNNNNNNNNNNNNNNNN,20140414,,,,EST,Y,C,YY   Y,N400BISCYN,112BSCNN,U,45,47,S,SMHE2J04
USGS,253419080223701,G  -3899,GW,253418.92,0802237.65,25.5719222,-80.377125,S,H,NAD83,NAD83,122,12,086,US,      S   T     R,,, 8.54,R, .5,NGVD29,03090202,,F,YNNNYNNNNNNNNNNNNNNNNNNNNNNNNN,,200903,,,EST,Y,U,YY   Y,N400BISCYN,112BSCNN,U,20.6,,O,2080-00200
USGS,253457080195501,G  -3612,GW,253459.4,0801950.2,25.58316667,-80.3306111,G,1,NAD83,NAD83,122,12,086,US,SWSWSWS03 T56S  R40E  T,,, 8.1,U, .1,NGVD29,03090202,21,F,NNNNNNNNNNNNNNNNNNNNNNNNNNNNNN,19950919,19960117,,,EST,Y,C,YYNNNYNN,N400BISCYN,112BSCNN,U,62,65,G,2080-00200
USGS,253527080195401,G  -3886,GW,253527.9,0801954.2,25.59108333,-80.3317222,G,5,NAD83,NAD83,122,12,086,US,SWSWNWS3  T56S  R40E  T,,, 10.17,L,.01,NGVD29,03090202,21,F,NNNNNNNNNNNNNNNNNNNNNNNNNNNNNN,20090902,20090902,,,EST,Y,C,YY   Y,N400BISCYN,112BSCNN,U,101.4,109.0,S,SaltMap
USGS,253549080214101,S  - 182A,GW,253549.5,0802148.1,25.597083,-80.363361,G,1,NAD83,NAD83,122,12,086,US,NWNWS05 T56S  R40E  T,,,11.0,L,0.1,NGVD29,03090202,,F,YNNYNNNNNNNNNNNNNNNNNNNNNNNNNN,19370101,19400101,,,EST,Y,C,YYNYNYNNNNNNNNNNNNNN,N400BISCYN,112BSCNN,U,33.0,51.0,Z,2080-00200
USGS,253554080205801,MORNINGSIDE 1,GW,253554,0802058,25.59871688,-80.34922,M,U,NAD27,NAD83,122,12,086,US,      S   T     R,,,,,,,03090202,21,,NNNNNNNNNNNNNNNNNNNNNNNNNNNNNN,,,,,EST,Y,C,NNNNNNNN,,,,,,,
USGS,253555080205501,MORNINGSIDE 4,GW,253555,0802055,25.59899464,-80.3483867,M,U,NAD27,NAD83,122,12,086,US,      S   T     R,,,,,,,03090202,21,,NNNNNNNNNNNNNNNNNNNNNNNNNNNNNN,,,,,EST,Y,C,NNNNNNNN,,,,,,,
USGS,253557080210201,MORNINGSIDE 6,GW,253557,0802102,25.59955019,-80.3503311,M,U,NAD27,NAD83,122,12,086,US,      S   T     R,,,,,,,03090202,21,,NNNNNNNNNNNNNNNNNNNNNNNNNNNNNN,,,,,EST,Y,C,NNNNNNNN,,,,,,,
USGS,253558080205901,MORNINGSIDE 2,GW,253558,0802059,25.59982795,-80.34949779,M,U,NAD27,NAD83,122,12,086,US,      S   T     R,,,,,,,03090202,21,,NNNNNNNNNNNNNNNNNNNNNNNNNNNNNN,,,,,EST,Y,C,NNNNNNNN,,,,,,,
USGS,253601080205701,MORNINGSIDE 3,GW,253601,0802057,25.60066125,-80.3489422,M,U,NAD27,NAD83,122,12,086,US,      S   T     R,,,,,,,03090202,21,,NNNNNNNNNNNNNNNNNNNNNNNNNNNNNN,,,,,EST,Y,C,NNNNNNNN,,,,,,,
USGS,253606080205601,MORNINGSIDE 5,GW,253606,0802056,25.60205009,-80.3486644,M,U,NAD27,NAD83,122,12,086,US,      S   T     R,,,,,,,03090202,21,,NNNNNNNNNNNNNNNNNNNNNNNNNNNNNN,,,,,EST,Y,C,NNNNNNNN,,,,,,,
USGS,253635080135801,G  -3160,GW,253635,0801358,25.6101048,-80.2325502,M,U,NAD27,NAD83,122,12,086,US,,,, 10.00,U, .1,NGVD29,03090202,21,L,NNNNNNNNNNNNNNNNNNNNNNNNNNNNNN,,,,,EST,Y,C,YYNNNNNN,,,,100,,,459832500
USGS,253640080174901,G  -3652,GW,253640,0801749,25.6114939,-80.2967187,M,S,NAD27,NAD83,122,12,086,US,,,,,,,,03090202,21,O,NNNNNNNNNNNNNNNNNNNNNNNNNNNNNN,19960514,19960610,,,EST,Y,C,YYNNNNNN,N400BISCYN,112BSCNN,U,,,,61800
USGS,253646080180501,G  -3650,GW,253646,0801805,25.61316055,-80.3011632,M,S,NAD27,NAD83,122,12,086,US,,,,,,,,03090202,21,O,NNNNNNNNNNNNNNNNNNNNNNNNNNNNNN,19960513,19960606,,,EST,Y,C,YYNNNNNN,N400BISCYN,112BSCNN,U,20,20,,61800
USGS,253646080180502,G  -3651,GW,253646,0801805,25.61316055,-80.3011632,M,S,NAD27,NAD83,122,12,086,US,,,,,,,,03090202,21,O,NNNNNNNNNNNNNNNNNNNNNNNNNNNNNN,19960513,19960610,,,EST,Y,C,YYNNNNNN,N400BISCYN,112BSCNN,U,10,10,,61800
USGS,253648080181201,G  -3648,GW,253648,0801812,25.6137161,-80.3031077,M,S,NAD27,NAD83,122,12,086,US,,,,,,,,03090202,21,O,NNNNNNNNNNNNNNNNNNNNNNNNNNNNNN,19960512,19960610,,,EST,Y,C,YYNNNNNN,N400BISCYN,112BSCNN,U,,,,61800
USGS,253648080181202,G  -3649,GW,253648,0801812,25.6137161,-80.3031077,M,S,NAD27,NAD83,122,12,086,US,,,,,,,,03090202,21,O,NNNNNNNNNNNNNNNNNNNNNNNNNNNNNN,19960512,19960610,,,EST,Y,C,YYNNNNNN,N400BISCYN,112BSCNN,U,,,,61800
USGS,253649080182401,G  -3751,GW,253649.72,0801824.71,25.61419388,-80.3066383,D,1,NAD27,NAD83,122,12,086,US,,,, 2.21,L,.01,NGVD29,03090202,21,L,NNNNNNNNNNNNNNNNNNNNNNNNNNNNNN,,20010323,,,EST,Y,C,YYNNNYNN,N400BISCYN,112BSCNN,U,,10.9,,
USGS,253649080182402,G  -3752,GW,253649.80,0801824.74,25.6142161,-80.3066467,D,1,NAD27,NAD83,122,12,086,US,,,, 2.34,L,.01,NGVD29,03090202,21,L,NNNNNNNNNNNNNNNNNNNNNNNNNNNNNN,,20010323,,,EST,Y,C,YYNNNYNN,N400BISCYN,112BSCNN,U,,53.1,,
USGS,253649080182403,G  -3753,GW,253649.81,0801824.78,25.61421888,-80.30665779,D,1,NAD27,NAD83,122,12,086,US,      S   T     R,,, 2.41,L,.01,NGVD29,03090202,21,L,NNNNNNNNNNNNNNNNNNNNNNNNNNNNNN,,20010323,,,EST,Y,C,YYNNNYNN,N400BISCYN,112BSCNN,U,,93.7,,
USGS,253649080182404,G  -3754,GW,253649.83,0801824.90,25.61422443,-80.3066911,D,1,NAD27,NAD83,122,12,086,US,,,, 2.46,L,.01,NGVD29,03090202,21,L,NNNNNNNNNNNNNNNNNNNNNNNNNNNNNN,,20010323,,,EST,Y,C,YYNNNYNN,N400BISCYN,112BSCNN,U,,24.2,,
USGS,253652080182001,G  -3646,GW,253652,0801820,25.61482718,-80.30533,M,S,NAD27,NAD83,122,12,086,US,,,,,,,,03090202,21,O,NNNNNNNNNNNNNNNNNNNNNNNNNNNNNN,19960511,19960606,,,EST,Y,C,YYNNNNNN,N400BISCYN,112BSCNN,U,28,28,,61800
USGS,253652080182002,G  -3647,GW,253652,0801820,25.61482718,-80.30533,M,S,NAD27,NAD83,122,12,086,US,      S   T     R,,,,,,,03090202,21,O,NNNNNNNNNNNNNNNNNNNNNNNNNNNNNN,19960511,19960606,,,EST,Y,C,YYNNNNNN,N400BISCYN,112BSCNN,U,8,8,,61800
USGS,253652080183701,G  - 939,GW,253653.8,0801835.4,25.61494444,-80.3098333,G,1,NAD83,NAD83,122,12,086,US,NWNENES35 T55S  R40E  T,,, 12.6,U, .1,NGVD29,03090202,21,T,NNNNNNNNNNNNNNNNNNNNNNNNNNNNNN,,,,,EST,Y,C,YYNYNYNN,N400BISCYN,112BSCNN,,60.6,,Z,2080-00200
USGS,253657080183101,G  -3755,GW,253657.53,0801831.41,25.61636326,-80.30849948,D,1,NAD27,NAD83,122,12,086,US,      S   T     R,,, 11.1,L,.01,NGVD29,03090202,21,,NNNNNNNNNNNNNNNNNNNNNNNNNNNNNN,,20010323,,,EST,Y,C,YYNNNYNN,N400BISCYN,112BSCNN,U,,97.8,,
USGS,253710080184701,G  -3611,GW,253710.4,0801845.4,25.61955556,-80.3126111,G,1,NAD83,NAD83,122,12,086,US,SWNESWS26 T55S  R40E  T,,, 7.0,U, .1,NGVD29,03090202,21,F,NNNNNNNNNNNNNNNNNNNNNNNNNNNNNN,19950821,19960117,,,EST,Y,C,YYNNNYNN,N400BISCYN,112BSCNN,U,100,100,D,2080-00200
USGS,253717080191501,G  - 450,GW,253717,0801915,25.62177147,-80.320608,M,U,NAD27,NAD83,122,12,086,US,      S   T     R,,,,,,,03090202,21,,NNNNNNNNNNNNNNNNNNNNNNNNNNNNNN,,,,,EST,Y,C,YYNNNNNN,,,,104,,,459832500
USGS,253718080192301,G  - 860,GW,253718.8,0801922.3,25.62188889,-80.32286111,G,1,NAD83,NAD83,122,12,086,US,SWNES27 T55S  R40E  T,,,10.4,L,0.1,NGVD29,03090202,,F,YNNYNNNNNNNNNNNNNNNNNNNNNNNNNN,1959,19590302,,,EST,Y,C,YYNYNYNNNNNNNNNNNNNN,N400BISCYN,112BSCNN,U,20.0,,Z,2080-00200
USGS,253744080202801,G  - 449,GW,253744,0802028,25.6292713,-80.3408863,M,U,NAD27,NAD83,122,12,086,US,      S   T     R,,,,,,,03090202,21,,NNNNNNNNNNNNNNNNNNNNNNNNNNNNNN,,,,,EST,Y,C,YYNNNNNN,,,,105,,,459832500
USGS,253752080195801,S  - 184,GW,253752,0801958,25.6314934,-80.3325527,M,U,NAD27,NAD83,122,12,086,US,,,,,,,,03090202,21,,NNNNNNNNNNNNNNNNNNNNNNNNNNNNNN,,,,,EST,Y,C,YNNNNNNN,,,,20.3,,,459832500
USGS,253755080185001,S  -1394,GW,253755,0801850,25.6323266,-80.31366339,M,U,NAD27,NAD83,122,12,086,US,,,,,,,,03090202,21,,NNNNNNNNNNNNNNNNNNNNNNNNNNNNNN,,,,,EST,Y,C,YNNNNNNN,,,,20,,,459832500
USGS,253819080183201,G  -3610,GW,253814.1,0801832.0,25.63725,-80.30888889,G,1,NAD83,NAD83,122,12,086,US,SWSWNES23 T55S  R40E  T,,, 14.3,U, .1,NGVD29,03090202,21,F,NNNNNNNNNNNNNNNNNNNNNNNNNNNNNN,19950918,19960117,,,EST,Y,C,YYNNNYNN,N400BISCYN,112BSCNN,U,110,110,D,2080-00200
USGS,253824080192601,G  -3158,GW,253824,0801926,25.64038195,-80.32366358,M,U,NAD27,NAD83,122,12,086,US,      S   T     R,,,,,,,03090202,21,,NNNNNNNNNNNNNNNNNNNNNNNNNNNNNN,,,,,EST,Y,C,YYNNNNNN,,,,100,,,459832500
USGS,253831080180201,G  -3313,GW,253831,0801802,25.6423262,-80.3003297,M,S,NAD27,NAD83,122,12,086,US,      S24 T55S  R40E  S,"SOUTH MIAMI, FL",  24000, 12,N,4.3,NAVD88,03090206,21,F,NNNNNNNNNNNNNNNNNNNNNNNNNNNNNN,19831007,19831101,,,EST,Y,C,YYNNNYNN,N400BISCYN,112BSCNN,U,9,230,O,32500
USGS,253831080180202,G  -3313A,GW,253831,0801802,25.6423262,-80.3003297,M,S,NAD27,NAD83,122,12,086,US,      S   T     R,SOUTH MIAMI,  24000,,,,,03090202,21,F,NNNNNNNNNNNNNNNNNNNNNNNNNNNNNN,19831006,19831101,,,EST,Y,C,YYNNNNNN,N400BISCYN,112BSCNN,U,9,27,O,32500
USGS,253831080180203,G  -3313B,GW,253831,0801802,25.6423262,-80.3003297,M,S,NAD27,NAD83,122,12,086,US,,SOUTH MIAMI,  24000,,,,,03090202,21,F,NNNNNNNNNNNNNNNNNNNNNNNNNNNNNN,19831011,19831101,,,EST,Y,C,YYNNNNNN,N400BISCYN,112BSCNN,U,9,53,O,32500
USGS,253831080180204,G  -3313C,GW,253835.1,0801804.8,25.64308333,-80.3013333,G,1,NAD83,NAD83,122,12,086,US,NWNWNWS24 T55S  R40E  T,SOUTH MIAMI,  24000, 12.4,L, .5,NGVD29,03090202,21,F,NNNNNNNNNNNNNNNNNNNNNNNNNNNNNN,19831011,19831101,,,EST,Y,C,YYNNNYNN,N400BISCYN,112BSCNN,U,110,110,O,2080-00200
USGS,253831080180206,G  -3313E,GW,253834.4,0801804.7,25.64288889,-80.3013056,G,1,NAD83,NAD83,122,12,086,US,NWNWNWS24 T55S  R40E  T,SOUTH MIAMI,  24000, 12.7,L, .1,NGVD29,03090202,21,F,NNNNNNNNNNNNNNNNNNNNNNNNNNNNNN,19840925,19960130,,,EST,Y,C,YYNNNYNN,N400BISCYN,112BSCNN,U,114,114,O,2080-00200
USGS,253832080174601,S  - 901,GW,253832,0801746,25.64260395,-80.2958851,M,U,NAD27,NAD83,122,12,086,US,      S   T     R,,,,,,,03090202,21,,NNNNNNNNNNNNNNNNNNNNNNNNNNNNNN,,,,,EST,Y,C,YNNNNNNN,,,,24.2,,,459832500
USGS,253842080225801,G  -3312,GW,253842,0802258,25.64538207,-80.3825539,M,S,NAD27,NAD83,122,12,086,US,      S   T     R,SOUTH MIAMI NW,  24000,,,,,03090202,21,F,NNNNNNNNNNNNNNNNNNNNNNNNNNNNNN,19830926,19831027,,,EST,Y,C,YYNNNNNN,N400BISCYN,112BSCNN,U,9,200,O,32500
USGS,253842080225802,G  -3312A,GW,253842,0802258,25.64538207,-80.3825539,M,S,NAD27,NAD83,122,12,086,US,      S   T     R,SOUTH MIAMI NW,  24000,,,,,03090202,21,F,NNNNNNNNNNNNNNNNNNNNNNNNNNNNNN,19830927,19831031,,,EST,Y,C,YYNNNNNN,N400BISCYN,112BSCNN,U,9,30,O,32500
USGS,253842080225803,G  -3312B,GW,253842,0802258,25.64538207,-80.3825539,M,S,NAD27,NAD83,122,12,086,US,      S   T     R,SOUTH MIAMI NW,  24000,,,,,03090202,21,F,NNNNNNNNNNNNNNNNNNNNNNNNNNNNNN,19830927,19831031,,,EST,Y,C,YYNNNNNN,N400BISCYN,112BSCNN,U,9,70,O,32500
USGS,253852080191401,"PINE TREE-1, FLA",GW,253852,0801914,25.64815943,-80.3203301,M,U,NAD27,NAD83,122,12,086,US,,,,,,,,03090202,21,,NNNNNNNNNNNNNNNNNNNNNNNNNNNNNN,,,,,EST,Y,C,NNNNNNNN,,,,,,,
USGS,253855080225901,G  - 448,GW,253855,0802259,25.64899305,-80.3828317,M,U,NAD27,NAD83,122,12,086,US,      S   T     R,,,,,,,03090202,21,,NNNNNNNNNNNNNNNNNNNNNNNNNNNNNN,,,,,EST,Y,C,YYNNNNNN,,,,93.2,,,459832500
USGS,253902080202501,G  - 553,GW,253903.9,0802018.0,25.65108333,-80.3383333,G,1,NAD83,NAD83,122,12,086,US,NWNESES16 T55S  R40E  T,SOUTH MIAMI,  24000, 12.3,L, .1,NGVD29,03090202,21,F,YNNNYNNNNNNNNNNNNNNNNNNNNNNNNN,19470101,,,,EST,Y,C,YYNYNYNN,N400BISCYN,112BSCNN,,91,,Z,2080-00200
USGS,253905080191001,"PINE TREE-2, FLA",GW,253905,0801910,25.6517704,-80.319219,M,U,NAD27,NAD83,122,12,086,US,,,,,,,,03090202,21,,NNNNNNNNNNNNNNNNNNNNNNNNNNNNNN,,,,,EST,Y,C,NNNNNNNN,,,,,,,
USGS,253924080174601,G  -3887A,GW,253924.7,0801746.8,25.6568611,-80.2963333,G,5,NAD83,NAD83,122,12,086,US,SWNENWS13 T55S  R40E  T,,, 10.45,L,.01,NGVD29,03090202,21,F,NNNNNNNNNNNNNNNNNNNNNNNNNNNNNN,20090721,20090721,,,EST,Y,C,YY   Y,N400BISCYN,112BSCNN,U,130,139,S,SaltMap
USGS,253924080174602,G  -3887B,GW,253924.7,0801746.8,25.6568611,-80.2963333,G,5,NAD83,NAD83,122,12,086,US,      S   T     R,,, 10.45,L,.01,NGVD29,03090202,,,NNNNNNNNNNNNNNNNNNNNNNNNNNNNNN,20090721,20090721,,,EST,Y,C,YY   Y,N400BISCYN,112BSCNN,U,74,139,S,SaltMap
USGS,253937080200801,"RANCH ESTATES-1, FLA",GW,253937,0802008,25.66065907,-80.3353304,M,U,NAD27,NAD83,122,12,086,US,      S   T     R,,,,,,,03090202,21,,NNNNNNNNNNNNNNNNNNNNNNNNNNNNNN,,,,,EST,Y,C,NNNNNNNN,,,,,,,
USGS,253938080190801,ANDREWS -2 FLA,GW,253938,0801908,25.66093676,-80.3186633,M,U,NAD27,NAD83,122,12,086,US,      S   T     R,,,,,,,03090202,21,,NNNNNNNNNNNNNNNNNNNNNNNNNNNNNN,,,,,EST,Y,C,NNNNNNNN,,,,,,,
USGS,253943080191701,"ANDREWS-3, FLA",GW,253943,0801917,25.6623256,-80.3211634,M,U,NAD27,NAD83,122,12,086,US,,,,,,,,03090202,21,,NNNNNNNNNNNNNNNNNNNNNNNNNNNNNN,,,,,EST,Y,C,NNNNNNNN,,,,,,,
USGS,253945080193701,"KENDALWOOD-1, FLA",GW,253945,0801937,25.66288117,-80.326719,M,U,NAD27,NAD83,122,12,086,US,      S   T     R,,,,,,,03090202,21,,NNNNNNNNNNNNNNNNNNNNNNNNNNNNNN,,,,,EST,Y,C,NNNNNNNN,,,,,,,
USGS,253948080174201,G  -3996,GW,253948.43,0801741.52,25.66345278,-80.2948667,G,H,NAD83,NAD83,122,12,086,US,,,, 13.11,L,.01,NGVD29,03090202,,,NNNNNNNNNNNNNNNNNNNNNNNNNNNNNN,,,,,EST,Y,C,YY   Y,N400BISCYN,112BSCNN,U,130.17,142,S,E2J02
USGS,253955080190801,"ANDREWS-1, FLA",GW,253955,0801908,25.6656588,-80.3186633,M,U,NAD27,NAD83,122,12,086,US,      S   T     R,,,,,,,03090202,21,,NNNNNNNNNNNNNNNNNNNNNNNNNNNNNN,,,,,EST,Y,C,NNNNNNNN,,,,,,,
USGS,253958080181701,"HELMS-2, FLA",GW,253958,0801817,25.66649205,-80.3044963,M,U,NAD27,NAD83,122,12,086,US,,,,,,,,03090202,21,,NNNNNNNNNNNNNNNNNNNNNNNNNNNNNN,,,,,EST,Y,C,NNNNNNNN,,,,,,,
USGS,253958080183001,G  -3157,GW,253958,0801830,25.66649207,-80.3081075,M,S,NAD27,NAD83,122,12,086,US,      S   T     R,,, 8.00,U, .1,NGVD29,03090202,21,,NNNNNNNNNNNNNNNNNNNNNNNNNNNNNN,,,,,EST,Y,C,YYNNNYNN,N400BISCYN,112BSCNN,,110,,,2080-00200
USGS,254002080174701,G  -5014D,GW,254002.01,0801747,25.667225,-80.296389,G,S,NAD83,NAD83,122,12,086,US,,,,5.6,M,0.02,NAVD88,,,,NNNNNNNNNNNNNNNNNNNNNNNNNNNNNN,,20231001,,,EST,Y,C,,N400BISCYN,112BSCNN,,126.0,146.0,D,
USGS,254002080174702,G  -5014S,GW,254002.01,0801747,25.667225,-80.29638889,N,5,NAD83,NAD83,122,12,086,US,S12 T055S R040E,South Miami,24000,5.6,L,1.0,NAVD88,030902061500,,,NNNNNNNNNNNNNNNNNNNNNNNNNNNNNN,,20231016,,,EST,Y,C,,N400BISCYN,112BSCNN,,108.0,146.0,D,
USGS,254005080171601,G  -3609,GW,254005.6,0801716.1,25.6682222,-80.2878056,G,1,NAD83,NAD83,122,12,086,US,SWSENES12 T55S  R40E  T,,, 14.8,U, .1,NGVD29,03090202,21,F,NNNNNNNNNNNNNNNNNNNNNNNNNNNNNN,19950918,19960117,,,EST,Y,C,YYNNNYNN,N400BISCYN,112BSCNN,U,85,85,D,2080-00200
USGS,254006080172701,"HELMS-3, FLA",GW,254006,0801727,25.66871413,-80.290607,M,U,NAD27,NAD83,122,12,086,US,,,,,,,,03090202,21,,NNNNNNNNNNNNNNNNNNNNNNNNNNNNNN,,,,,EST,Y,C,NNNNNNNN,,,,,,,
USGS,254016080182001,"HELMS-1, FLA",GW,254019,0801820,25.67232519,-80.30532958,M,U,NAD27,NAD83,122,12,086,US,,,,,,,,03090202,21,,NNNNNNNNNNNNNNNNNNNNNNNNNNNNNN,,,,,EST,Y,C,NNNNNNNN,,,,,,,
USGS,254018080174901,"HELMS-4, FLA",GW,254018,0801749,25.67204738,-80.2967183,M,U,NAD27,NAD83,122,12,086,US,      S   T     R,,,,,,,03090202,21,,NNNNNNNNNNNNNNNNNNNNNNNNNNNNNN,,,,,EST,Y,C,NNNNNNNN,,,,,,,
USGS,254019080190201,G  -1604,GW,254019,0801902,25.67232524,-80.3169965,M,F,NAD27,NAD83,122,12,086,US,NWNWNWS11 T55S  R40E  T,,, 9.34,L,.1,NGVD29,03090202,21,T,NNNNNNNNNNNNNNNNNNNNNNNNNNNNNN,,,,,EST,Y,C,YYNYNYNN,N400BISCYN,112BSCNN,,62,,,459832500
USGS,254020080183101,G  -1604A,GW,254020,0801831,25.67260297,-80.3083852,M,F,NAD27,NAD83,122,12,086,US,NENWNES11 T55S  R40E  T,,, 7.77,L,.1,NGVD29,03090202,21,T,NNNNNNNNNNNNNNNNNNNNNNNNNNNNNN,,,,,EST,Y,C,YYNYNYNN,N400BISCYN,112BSCNN,,91.5,,,459832500
USGS,254050080204901,"NUTMEG-1, FLA",GW,254050,0802049,25.68093619,-80.3467195,M,U,NAD27,NAD83,122,12,086,US,      S   T     R,,,,,,,03090202,21,,NNNNNNNNNNNNNNNNNNNNNNNNNNNNNN,,,,,EST,Y,C,NNNNNNNN,,,,,,,
USGS,254050080205501,"NUTMEG-2, FLA",GW,254050,0802055,25.6809362,-80.3483862,M,U,NAD27,NAD83,122,12,086,US,,,,,,,,03090202,21,,NNNNNNNNNNNNNNNNNNNNNNNNNNNNNN,,,,,EST,Y,C,NNNNNNNN,,,,,,,
USGS,254106080174601,G  -1009B,GW,254107.76,0801745.39,25.68548889,-80.2959417,G,1,NAD83,NAD83,122,12,086,US,NESENWS01 T55S  R40E  T,,, 10.6,U, .1,NGVD29,03090202,21,,NNNNNNNNNNNNNNNNNNNNNNNNNNNNNN,,,,,EST,Y,C,YYNNNYNN,N400BISCYN,112BSCNN,,100,,,2080-00200
USGS,254107080165201,G  - 896,GW,254109.9,0801650.4,25.68608333,-80.2806667,G,1,NAD83,NAD83,122,12,086,US,NWSENWS06 T55S  R41E  T,,, 6.3,L, .1,NGVD29,03090202,21,F,NNNNNNNNNNNNNNNNNNNNNNNNNNNNNN,,,,,EST,Y,C,YYNYNYNN,N400BISCYN,112BSCNN,,74,,,2080-00200
USGS,254108080170601,G  -3608,GW,254103.9,0801704.6,25.68441667,-80.2846111,G,1,NAD83,NAD83,122,12,086,US,NWSWNWS06 T55S  R41E  T,,, 11.0,U, .1,NGVD29,03090202,21,F,NNNNNNNNNNNNNNNNNNNNNNNNNNNNNN,19950819,19960117,,,EST,Y,C,YYNNNYNN,N400BISCYN,112BSCNN,U,100,100,D,2080-00200
USGS,254108080232301,S  - 940,GW,254108,0802323,25.6859362,-80.3894983,M,U,NAD27,NAD83,122,12,086,US,,,,,,,,03090202,21,,NNNNNNNNNNNNNNNNNNNNNNNNNNNNNN,,,,,EST,Y,C,NNNNNNNN,,,,,,,
USGS,254112080212701,S  - 939,GW,254112,0802127,25.68704713,-80.3572753,M,U,NAD27,NAD83,122,12,086,US,      S   T     R,,,,,,,03090202,21,,NNNNNNNNNNNNNNNNNNNNNNNNNNNNNN,,,,,EST,Y,C,NYNNNNNN,,,,50,,,459832500
USGS,254118080193201,S  - 938,GW,254118,0801932,25.6887136,-80.32532998,M,U,NAD27,NAD83,122,12,086,US,,,,,,,,03090202,21,,NNNNNNNNNNNNNNNNNNNNNNNNNNNNNN,,,,,EST,Y,C,NNNNNNNN,,,,,,,
USGS,254125080170801,G  -3159,GW,254125,0801708,25.69065779,-80.2853289,M,U,NAD27,NAD83,122,12,086,US,      S   T     R,,, 10.00,U, .1,NGVD29,03090202,21,,NNNNNNNNNNNNNNNNNNNNNNNNNNNNNN,,,,,EST,Y,C,YYNNNYNN,,,,120,,,459832500
USGS,254134080210301,I  -   1,GW,254134,0802103,25.693158,-80.3506084,M,S,NAD27,NAD83,122,12,086,US,      S32 T54S  R40E  T,SOUTH MIAMI,24000, 10.00,U, .1,NGVD29,03090202,21,,NNNNNNNNNNNNNNNNNNNNNNNNNNNNNN,19690101,,,,EST,Y,C,YYNNNYNN,,,,2947,,,459831200
USGS,254139080233401,S  -1277,GW,254139,0802334,25.69454703,-80.39255389,M,U,NAD27,NAD83,122,12,086,US,,,,,,,,03090202,21,,NNNNNNNNNNNNNNNNNNNNNNNNNNNNNN,19520101,,,,EST,Y,U,YYNNNNNN,,,,90,,,459832500
USGS,254150080215501,G  -3877,GW,254150.85,0802155.0,25.69745833,-80.3652778,G,5,NAD83,NAD83,122,12,086,US,SWNWNWS32 T54S  R40E  T,,, 8.95,L,.01,NGVD29,03090202,21,,NNNNNNNNNNNNNNNNNNNNNNNNNNNNNN,20090331,,,,EST,Y,C,YY   Y,N400BISCYN,112BSCNN,U,92.1,106,S,
USGS,254150080215502,G  -3902,GW,254150.85,0802155.1,25.69745833,-80.3653056,G,F,NAD83,NAD83,122,12,086,US,SWNWNWS32 T54S  R40E  T,,, 8.82,L,.01,NGVD29,03090202,21,,NNNNNNNNNNNNNNNNNNNNNNNNNNNNNN,20100126,,,,EST,Y,C,Y    Y,N400BISCYN,112BSCNN,U,75.5,76,,
USGS,254150080215503,G  -3903,GW,254150.85,0802155.2,25.69745833,-80.3653333,G,F,NAD83,NAD83,122,12,086,US,SWNWNWS32 T54S  R40E  T,,, 8.92,L,.01,NGVD29,03090202,21,,YNNNNNNNNNNNNNNNYNNNNNNNNNNNNN,20100127,,,,EST,Y,C,Y    Y,N400BISCYN,112BSCNN,U,19.5,20,,
USGS,254151080214301,G  -3878,GW,254151.75,0802143.25,25.69770833,-80.36201389,G,5,NAD83,NAD83,122,12,086,US,SWNENWS32 T54S  R40E  T,,, 7.13,L,.01,NGVD29,03090202,21,,NNNNNNNNNNNNNNNNNNNNNNNNNNNNNN,20100112,,,,EST,Y,C,YY   Y,N400BISCYN,112BSCNN,U,80.5,101.0,S,
USGS,254151080214302,G  -3904,GW,254151.75,0802143.26,25.69770833,-80.3620167,G,5,NAD83,NAD83,122,12,086,US,SWNENWS32 T54S  R40E  T,,, 7.16,L,.01,NGVD29,03090202,21,,NNNNNNNNNNNNNNNNNNNNNNNNNNNNNN,20100129,,,,EST,Y,C,Y    Y,N400BISCYN,112BSCNN,U,72.3,73,,
USGS,254151080214303,G  -3905,GW,254151.75,0802143.27,25.69770833,-80.3620194,G,5,NAD83,NAD83,122,12,086,US,SWNENWS32 T54S  R40E  T,,, 7.06,L,.01,NGVD29,03090202,21,,NNNNNNNNNNNNNNNNNNNNNNNNNNNNNN,20100119,,,,EST,Y,C,Y    Y,N400BISCYN,112BSCNN,U,33.6,35,,
USGS,254151080214304,G  -3906,GW,254151.75,0802143.28,25.69770833,-80.3620222,G,5,NAD83,NAD83,122,12,086,US,SWNENWS32 T54S  R40E  T,,, 7.08,L,.01,NGVD29,03090202,21,,NNNNNNNNNNNNNNNNNNNNNNNNNNNNNN,,,,,EST,Y,C,Y    Y,N400BISCYN,112BSCNN,U,14.4,15,,
USGS,254153080213901,G  -3879,GW,254153.5,0802139.95,25.69819444,-80.3610972,N,5,NAD83,NAD83,122,12,086,US,SWNENWS32 T54S  R40E  T,,, 7.15,L,.01,NGVD29,03090202,21,,NNNNNNNNNNNNNNNNNNNNNNNNNNNNNN,20091228,,,,EST,Y,C,YY   Y,N400BISCYN,112BSCNN,U,94.1,101,S,
USGS,254153080213902,G  -3907,GW,254153.65,0802139.96,25.6982361,-80.3611,G,5,NAD83,NAD83,122,12,086,US,SWNENWS32 T54S  R40E  T,,, 7.12,L,.01,NGVD29,03090202,21,,NNNNNNNNNNNNNNNNNNNNNNNNNNNNNN,,,,,EST,Y,C,Y    Y,N400BISCYN,112BSCNN,U,74.6,75,,
USGS,254153080213903,G  -3908,GW,254153.65,0802139.97,25.6982361,-80.3611028,G,5,NAD83,NAD83,122,12,086,US,SWNENWS32 T54S  R40E  T,,, 7.24,L,.01,NGVD29,03090202,21,,NNNNYNNNNNNNNNNNNNNNNNNNNNNNNN,,,,,EST,Y,C,Y    Y,N400BISCYN,112BSCNN,U,56.6,57,,
USGS,254153080213904,G  -3909,GW,254153.65,0802139.98,25.6982361,-80.3611056,G,5,NAD83,NAD83,122,12,086,US,SWNENWS32 T54S  R40E  T,,, 7.20,L,.01,NGVD29,03090202,21,,YNNNNNNNNNNNNNNNYNNNNNNNNNNNNN,,,,,EST,Y,C,Y    Y,N400BISCYN,112BSCNN,U,39.1,40,,
USGS,254154080213701,G  -3912,GW,254154.65,0802137.7,25.69851389,-80.3604722,G,5,NAD83,NAD83,122,12,086,US,SENENWS32 T54S  R40E  T,,, 8.23,L,.01,NGVD29,03090202,21,,NNNNNNNNNNNNNNNNNNNNNNNNNNNNNN,20100211,,,,EST,Y,C,YY   Y,N400BISCYN,112BSCNN,U,87.7,89,S,
USGS,254154080213702,G  -3910,GW,254154.65,0802137.8,25.69851389,-80.3605,G,5,NAD83,NAD83,122,12,086,US,SENENWS32 T54S  R40E  T,,, 8.27,L,.01,NGVD29,03090202,21,,YNNNNNNNNNNNNNNNYNNNNNNNNNNNNN,,,,,EST,Y,C,Y    Y,N400BISCYN,112BSCNN,U,78.2,80,,
USGS,254154080213703,G  -3911,GW,254154.65,0802137.9,25.69851389,-80.3605278,G,5,NAD83,NAD83,122,12,086,US,SENENWS32 T54S  R40E  T,,, 8.07,L,.01,NGVD29,03090202,21,,NNNNYNNNNNNNNNNNNNNNNNNNNNNNNN,,,,,EST,Y,C,Y    Y,,,U,62.5,64,,
USGS,254154080213704,G  -3880,GW,254154.65,0802137.6,25.69851389,-80.3604444,G,5,NAD83,NAD83,122,12,086,US,SENENWS32 T54S  R40E  T,,, 8.13,L,.01,NGVD29,03090202,21,,NNNNNNNNNNNNNNNNNNNNNNNNNNNNNN,,,,,EST,Y,C,Y    Y,N400BISCYN,112BSCNN,U,14.1,107,,
USGS,254154080214101,S  -3013,GW,254156.06,0802140.88,25.69890556,-80.3613556,G,1,NAD83,NAD83,122,12,086,US,SWNENWS32 T54S  R40E  T,,, 7.50,L, .5,NGVD29,03090202,21,F,NNNNNNNNNNNNNNNNNNNNNNNNNNNNNN,19750614,,,,EST,Y,C,YYYNNYNN,N400BISCYN,112BSCNN,U,132,,,459832500
USGS,254155080213501,S  -3011,GW,254154.12,0802129.89,25.69836667,-80.3583028,N,1,NAD83,NAD83,122,12,086,US,SENENWS32 T54S  R40E  T,,, 8.2,L, .5,NGVD29,03090202,21,F,NNNNNNNNNNNNNNNNNNNNNNNNNNNNNN,19750614,,,,EST,Y,C,YYYNNYNN,N400BISCYN,112BSCNN,U,133,,,459832500
USGS,254155080243501,G  -3881,GW,254155.9,0802135.0,25.69886111,-80.35972222,G,5,NAD83,NAD83,122,12,086,US,NWNENWS35 T54S  R39E  T,,,7.26,L,0.01,NGVD29,03090202,,,YNNNYNNNNNNNNNNNYNNNNNNNNNNNNN,20100303,,,,EST,Y,C,YY   Y,N400BISCYN,112BSCNN,U,95.2,96.0,S,
USGS,254155080243502,G  -3913,GW,254155.9,0802135.1,25.6988611,-80.35975,G,5,NAD83,NAD83,122,12,086,US,NWNENWS35 T54S  R39E  T,,, 7.44,L,.01,NGVD29,03090202,21,,NNNNYNNNNNNNNNNNYNNNNNNNNNNNNN,,,,,EST,Y,C,Y    Y,N400BISCYN,112BSCNN,U,75.1,76,,
USGS,254155080243503,G  -3914,GW,254155.9,0802135.2,25.6988611,-80.3597778,G,5,NAD83,NAD83,122,12,086,US,NWNENWS35 T54S  R39E  T,,, 7.19,L, .5,NGVD29,03090202,21,,NNNNNNNNNNNNNNNNNNNNNNNNNNNNNN,20100322,20100406,,,EST,Y,C,Y    Y,N400BISCYN,112BSCNN,U,60.4,61,O,2550-DB300
USGS,254155080243504,G  -3915,GW,254155.9,0802135.3,25.6988611,-80.3598056,G,5,NAD83,NAD83,122,12,086,US,NWNENWS35 T54S  R39E  T,,, 7.19,L,.01,NGVD29,03090202,21,,NNNNNNNNNNNNNNNNNNNNNNNNNNNNNN,,,,,EST,Y,C,Y    Y,N400BISCYN,112BSCNN,U,17.8,18.5,,
USGS,254156080172101,G  -3607,GW,254157.5,0801721.7,25.69930556,-80.2893611,G,1,NAD83,NAD83,122,12,086,US,NESWNES36 T54S  R40E  T,,, 9.0,U, .5,NGVD29,03090202,21,F,NNNNNNNNNNNNNNNNNNNNNNNNNNNNNN,19950623,19960117,,,EST,Y,C,YYNNNYNN,N400BISCYN,112BSCNN,U,120,120,D,2080-00200
USGS,254156080214601,S  -3014,GW,254155.96,0802142.52,25.69887778,-80.3618111,N,1,NAD83,NAD83,122,12,086,US,SWNENWS32 T54S  R40E  T,,, 8.20,L, .5,NGVD29,03090202,21,F,NNNNNNNNNNNNNNNNNNNNNNNNNNNNNN,19750614,,,,EST,Y,C,YYYNNYNN,N400BISCYN,112BSCNN,U,132,,,459832500
USGS,254157080214003,S  -3012,GW,254157.74,0802136.90,25.6993722,-80.36025,N,1,NAD83,NAD83,122,12,086,US,  NENWS32 T54S  R40E  T,,, 7.90,L, .5,NGVD29,03090202,21,F,NNNNNNNNNNNNNNNNNNNNNNNNNNNNNN,19750614,,,,EST,Y,C,YYYNNYNN,N400BISCYN,112BSCNN,U,132,,,459832500
USGS,254158080212201,G  -3882,GW,254158.45,0802122.3,25.69956944,-80.3561944,G,5,NAD83,NAD83,122,12,086,US,NWNWNES32 T54S  R40E  T,,, 7.56,L,.01,NGVD29,03090202,21,,NNNNNNNNNNNNNNNNNNNNNNNNNNNNNN,20100219,,,,EST,Y,C,YY   Y,N400BISCYN,112BSCNN,U,90.40,91,S,
USGS,254158080212202,G  -3916,GW,254158.45,0802122.4,25.69956944,-80.3562222,G,5,NAD83,NAD83,122,12,086,US,NWNWNES32 T54S  R40E  T,,, 7.83,L,.01,NGVD29,03090202,21,,NNNNNNNNNNNNNNNNNNNNNNNNNNNNNN,,,,,EST,Y,C,Y    Y,N400BISCYN,112BSCNN,U,77.3,78,,
USGS,254158080212203,G  -3917,GW,254158.45,0802122.5,25.69956944,-80.35625,G,5,NAD83,NAD83,122,12,086,US,NWNWNES32 T54S  R40E  T,,, 7.54,L,.01,NGVD29,03090202,21,,NNNNNNNNNNNNNNNNNNNNNNNNNNNNNN,,,,,EST,Y,C,Y    Y,N400BISCYN,112BSCNN,U,43.9,45,,
USGS,254158080212204,G  -3918,GW,254158.45,0802122.6,25.69956944,-80.3562778,G,5,NAD83,NAD83,122,12,086,US,NWNWNES32 T54S  R40E  T,,, 5.94,L,.01,NAVD88,03090202,21,,YNNNYNNNNNNNNNNNYNNNNNNNNNNNNN,,,,,EST,Y,C,Y    Y,N400BISCYN,112BSCNN,U,18.3,19,,
USGS,254201080173001,G  - 901,GW,254203.0,0801654.4,25.70083333,-80.2817778,G,1,NAD83,NAD83,122,12,086,US,NESWNWS31 T54S  R41E  T,South Miami Quadrag,  24000,6.28,L, .1,NAVD88,03090202,21,T,NNNNNNNNNNNNNNNNNNNNNNNNNNNNNN,,,,,EST,Y,C,YYNYNYNN,N400BISCYN,112BSCNN,,96,,,2080-00200
USGS,254202080225701,S  - 934,GW,254202,0802257,25.70093564,-80.3822758,M,U,NAD27,NAD83,122,12,086,US,,,,,,,,03090202,21,,NNNNNNNNNNNNNNNNNNNNNNNNNNNNNN,,,,,EST,Y,C,NYNNNNNN,,,,20,,,459832500
USGS,254209080194601,S  - 936,GW,254209,0801946,25.70287979,-80.3292189,M,U,NAD27,NAD83,122,12,086,US,      S   T     R,,,,,,,03090202,21,,NNNNNNNNNNNNNNNNNNNNNNNNNNNNNN,,,,,EST,Y,C,NYNNNNNN,,,,35,,,459832500
USGS,254211080180801,F  - 331,GW,254211,0801808,25.7034352,-80.301996,M,U,NAD27,NAD83,122,12,086,US,      S   T     R,,, 9.81,U,.01,NGVD29,03090202,21,,NNNNNNNNNNNNNNNNNNNNNNNNNNNNNN,,,,,EST,Y,C,YYNNNNNN,,,,10.9,,,459832500
USGS,254212080180701,S  - 935,GW,254212,0801807,25.70371297,-80.3017182,M,U,NAD27,NAD83,122,12,086,US,      S   T     R,,,,,,,03090202,21,,NNNNNNNNNNNNNNNNNNNNNNNNNNNNNN,,,,,EST,Y,C,NYNNNNNN,,,,20,,,459832500
USGS,254215080201401,S  - 996,GW,254215,0802014,25.70454643,-80.3369968,M,U,NAD27,NAD83,122,12,086,US,,,, 9.50,U,.1,NGVD29,03090202,21,,NNNNNNNNNNNNNNNNNNNNNNNNNNNNNN,19510101,,,,EST,Y,C,YYNNNNNN,,,,100,,,459832500
USGS,254217080171801,F  - 319,GW,254218.5,0801716.1,25.70513889,-80.2878056,G,S,NAD83,NAD83,122,12,086,US,  SESES25 T54S  R40E  T,South Miami,  24000, 12.5,L, .5,NGVD29,03090202,21,F,YNNNNNNNNNNNNNNNNNNNNNNNNNNNNN,,19400111,,,EST,Y,C,YYNYNYNN,N400BISCYN,112BSCNN,U,20,20,Z,2080-00200
USGS,254231080200701,G  -3421,GW,254231,0802007,25.7089907,-80.3350523,M,S,NAD27,NAD83,122,12,086,US,      S28 T54S  R40E  T,SOUTH MIAMI, 24000, 12.40,L, .1,NGVD29,03090202,21,F,NNNNNNNNNNNNNNNNNNNNNNNNNNNNNN,19821201,,,,EST,Y,C,YYNNNYNN,N400BISCYN,112BSCNN,,,,,
USGS,254233080201701,MIAMI DADE ORR WEST PUMP ROOM SPIGOT,GW,254233.3,0802017.3,25.70925,-80.33813889,G,S,NAD83,NAD83,122,12,086,US,      S   T     R,,,,,,,03090206,,F,NNNNNNNNNNNNNNNNNNNNNNNNNNNNNN,,20090824,,,EST,Y,C,,N400BISCYN,112BSCNN,U,,,,
USGS,254238080151701,G  -  35,GW,254238,0801517,25.71093474,-80.2544947,M,U,NAD27,NAD83,122,12,086,US,      S   T     R,,,,,,,03090202,21,,NNNNNNNNNNNNNNNNNNNNNNNNNNNNNN,,,,,EST,Y,C,YYNNNNNN,,,,19.8,,,459832500
USGS,254238080174001,G  - 581A,GW,254238,0801740,25.7109349,-80.2942179,M,U,NAD27,NAD83,122,12,086,US,      S   T     R,"SOUTH MIAMI, FL",  24000, 8,N,4.3,NAVD88,03090202,21,,NNNNNNNNNNNNNNNNNNNNNNNNNNNNNN,,,,,EST,Y,C,YYNYNYNN,N400BISCYN,112BSCNN,,100,,,459832500
USGS,254242080153501,4105  HARDEE RD,GW,254242,0801535,25.71204584,-80.25949478,M,U,NAD27,NAD83,122,12,086,US,      S   T     R,,,,,,,03090202,21,,NNNNNNNNNNNNNNNNNNNNNNNNNNNNNN,,,,,EST,Y,C,NNNNNNNN,,,,,,,
USGS,254244080153503,S  - 378,GW,254325,0801535,25.72398987,-80.25949469,M,U,NAD27,NAD83,122,12,086,US,      S   T     R,,,,,,,03090202,21,,NNNNNNNNNNNNNNNNNNNNNNNNNNNNNN,,,,,EST,Y,C,NNNNNNNN,,,,,,,
USGS,254244080153504,S  - 379,GW,254325,0801535,25.72398987,-80.25949469,M,U,NAD27,NAD83,122,12,086,US,      S   T     R,,,,,,,03090202,21,,NNNNNNNNNNNNNNNNNNNNNNNNNNNNNN,,,,,EST,Y,C,YNNNNNNN,,,,32.8,,,459832500
USGS,254244080153505,S  - 380,GW,254325,0801535,25.72398987,-80.25949469,M,U,NAD27,NAD83,122,12,086,US,      S   T     R,"SOUTH MIAMI, FL",  24000, 11,N,4.3,NAVD88,03090202,21,,NNNNNNNNNNNNNNNNNNNNNNNNNNNNNN,,,,,EST,Y,C,YYNNNYNN,,,,20.6,,,459832500
USGS,254244080153506,D  - 135,GW,254325,0801535,25.72398987,-80.25949469,M,U,NAD27,NAD83,122,12,086,US,      S   T     R,,,,,,,03090202,21,,NNNNNNNNNNNNNNNNNNNNNNNNNNNNNN,,,,,EST,Y,C,YYNNNNNN,,,,47.1,,,459832500
USGS,254245080153301,S  - 386,GW,254326,0801533,25.72426764,-80.2589391,M,U,NAD27,NAD83,122,12,086,US,      S   T     R,"SOUTH MIAMI, FL",  24000, 12,N,4.3,NAVD88,03090202,21,,NNNNNNNNNNNNNNNNNNNNNNNNNNNNNN,,,,,EST,Y,C,YYNNNYNN,,,,18,,,459832500
USGS,254246080153701,G  -  41,GW,254246,0801537,25.7131569,-80.2600503,M,U,NAD27,NAD83,122,12,086,US,      S   T     R,"SOUTH MIAMI, FL",  24000, 12,N,4.3,NAVD88,03090202,21,,NNNNNNNNNNNNNNNNNNNNNNNNNNNNNN,,,,,EST,Y,C,YYNNNYNN,,,,13,,,459832500
USGS,254256080212401,S  - 945,GW,254356,0802124,25.73260108,-80.3564416,M,U,NAD27,NAD83,122,12,086,US,      S   T     R,,,,,,,03090202,21,,NNNNNNNNNNNNNNNNNNNNNNNNNNNNNN,,,,,EST,Y,C,NYNNNNNN,,,,65,,,459832500
USGS,254258080202201,S  - 941,GW,254258,0802022,25.71649046,-80.339219,M,U,NAD27,NAD83,122,12,086,US,      S   T     R,,,,,,,03090202,21,,NNNNNNNNNNNNNNNNNNNNNNNNNNNNNN,,,,,EST,Y,C,NNNNNNNN,,,,,,,
USGS,254300080190601,S  - 942,GW,254300,0801906,25.7170459,-80.31810739,M,U,NAD27,NAD83,122,12,086,US,      S   T     R,,,,,,,03090202,21,,NNNNNNNNNNNNNNNNNNNNNNNNNNNNNN,,,,,EST,Y,C,NYNNNNNN,,,,20,,,459832500
USGS,254303080155001,G  -  45,GW,254303,0801550,25.71787899,-80.2636615,M,U,NAD27,NAD83,122,12,086,US,      S   T     R,,,,,,,03090202,21,,NNNNNNNNNNNNNNNNNNNNNNNNNNNNNN,,,,,EST,Y,C,YYNNNNNN,,,,15.9,,,459832500
USGS,254304080180701,S  - 943,GW,254304,0801807,25.7181569,-80.301718,M,U,NAD27,NAD83,122,12,086,US,      S   T     R,,,,,,,03090202,21,,NNNNNNNNNNNNNNNNNNNNNNNNNNNNNN,,,,,EST,Y,C,NYNNNNNN,,,,32,,,459832500
USGS,254306080235002,G  - 958A,GW,254306,0802350,25.71871285,-80.3969983,M,F,NAD27,NAD83,122,12,086,US,      S24 T54S  R39E  S,"SOUTH MIAMI NW, FL",  24000, 6,N,4.3,NAVD88,03090206,21,T,NNNNNNNNNNNNNNNNNNNNNNNNNNNNNN,19720101,,,,EST,Y,C,YYNYNYNN,N400BISCYN,112BSCNN,,32,,,459832500
USGS,254309080141902,G  -3659,GW,254309,0801419,25.7195455,-80.2383829,M,S,NAD27,NAD83,122,12,086,US,,,,,,,,03090202,21,O,NNNNNNNNNNNNNNNNNNNNNNNNNNNNNN,19960518,19960610,,,EST,Y,C,YYNNNNNN,N400BISCYN,112BSCNN,U,10,10,,61800
USGS,254309080155001,704  MILLER RD MIAMI FL,GW,254309,0801550,25.7195456,-80.2636615,M,U,NAD27,NAD83,122,12,086,US,      S   T     R,,,,,,,03090202,21,,NNNNNNNNNNNNNNNNNNNNNNNNNNNNNN,,,,,EST,Y,C,NNNNNNNN,,,,28,,,
USGS,254314080142601,G  -3656,GW,254314,0801426,25.72093437,-80.2403275,M,S,NAD27,NAD83,122,12,086,US,,,,,,,,03090202,21,O,NNNNNNNNNNNNNNNNNNNNNNNNNNNNNN,19960516,19960610,,,EST,Y,C,YYNNNNNN,N400BISCYN,112BSCNN,U,35,35,,61800
USGS,254314080142602,G  -3657,GW,254314,0801426,25.72093437,-80.2403275,M,S,NAD27,NAD83,122,12,086,US,,,,,,,,03090202,21,O,NNNNNNNNNNNNNNNNNNNNNNNNNNNNNN,19960517,19960610,,,EST,Y,C,YYNNNNNN,N400BISCYN,112BSCNN,U,10,10,,61800
USGS,254317080153801,G  -  46,GW,254317,0801538,25.72176773,-80.260328,M,U,NAD27,NAD83,122,12,086,US,      S   T     R,"SOUTH MIAMI, FL",  24000, 12,N,4.3,NAVD88,03090202,21,,NNNNNNNNNNNNNNNNNNNNNNNNNNNNNN,,,,,EST,Y,C,YYNNNYNN,,,,15.9,,,459832500
USGS,254319080150401,G  -  40,GW,254319,0801504,25.72232323,-80.2508834,M,U,NAD27,NAD83,122,12,086,US,      S   T     R,"SOUTH MIAMI, FL",  24000, 9,N,4.3,NAVD88,03090202,21,,NNNNNNNNNNNNNNNNNNNNNNNNNNNNNN,,,,,EST,Y,C,YYNNNYNN,,,,20,,,459832500
USGS,254324080154201,G  -  33,GW,254324,0801542,25.7237121,-80.26143919,M,U,NAD27,NAD83,122,12,086,US,      S   T     R,"SOUTH MIAMI, FL",  24000, 9,N,4.3,NAVD88,03090202,21,,NNNNNNNNNNNNNNNNNNNNNNNNNNNNNN,,,,,EST,Y,C,YYNNNYNN,,,,19.5,,,459832500
USGS,254325080153501,G  -  32,GW,254325,0801535,25.72398987,-80.25949469,M,U,NAD27,NAD83,122,12,086,US,      S   T     R,"SOUTH MIAMI, FL",  24000, 11,N,4.3,NAVD88,03090202,21,,NNNNNNNNNNNNNNNNNNNNNNNNNNNNNN,,,,,EST,Y,C,YYNNNYNN,,,,19,,,459832500
USGS,254325080153801,S  - 171,GW,254325,0801538,25.72398988,-80.260328,M,U,NAD27,NAD83,122,12,086,US,      S   T     R,,,,,,,03090202,21,,NNNNNNNNNNNNNNNNNNNNNNNNNNNNNN,,,,,EST,Y,C,YYNNNNNN,,,,39.3,,,459832500
USGS,254325080155201,G  -  34,GW,254325,0801552,25.72398989,-80.264217,M,U,NAD27,NAD83,122,12,086,US,      S   T     R,"SOUTH MIAMI, FL",  24000, 6,N,4.3,NAVD88,03090202,21,,NNNNNNNNNNNNNNNNNNNNNNNNNNNNNN,,,,,EST,Y,C,YYNNNYNN,,,,19.8,,,459832500
USGS,254326080145201,MIAMI-DADE G-3747,GW,254326.50,0801452.31,25.72440648,-80.247636,D,1,NAD27,NAD83,122,12,086,US,      S   T     R,,,00016.09,L,.01,NGVD29,03090202,21,,NNNNNNNNNNNNNNNNNNNNNNNNNNNNNN,,20010321,,,EST,Y,C,YYNNNYNN,N400BISCYN,112BSCNN,U,98.1,,,
USGS,254328080153501,G  -  30,GW,254328,0801535,25.72482318,-80.25949469,M,U,NAD27,NAD83,122,12,086,US,      S   T     R,"SOUTH MIAMI, FL",  24000, 12,N,4.3,NAVD88,03090202,21,,NNNNNNNNNNNNNNNNNNNNNNNNNNNNNN,,,,,EST,Y,C,YYNNNYNN,,,,20,,,459832500
USGS,254328080154301,G  -  31,GW,254328,0801543,25.72482319,-80.261717,M,U,NAD27,NAD83,122,12,086,US,      S   T     R,"SOUTH MIAMI, FL",  24000, 9,N,4.3,NAVD88,03090202,21,,NNNNNNNNNNNNNNNNNNNNNNNNNNNNNN,,,,,EST,Y,C,YYNNNYNN,,,,19.3,,,459832500
USGS,254331080142401,G  -3748,GW,254331.35,0801424.71,25.72575365,-80.239969,D,1,NAD27,NAD83,122,12,086,US,      S   T     R,,, 2.37,L,.01,NGVD29,03090202,21,,NNNNNNNNNNNNNNNNNNNNNNNNNNNNNN,,20010321,,,EST,Y,C,YYNNNYNN,N400BISCYN,112BSCNN,U,,35.5,,
USGS,254331080142402,G  -3749,GW,254331.46,0801424.81,25.7257842,-80.2399968,D,1,NAD27,NAD83,122,12,086,US,      S   T     R,,, 2.43,L,.01,NGVD29,03090202,21,,NNNNNNNNNNNNNNNNNNNNNNNNNNNNNN,,20010321,,,EST,Y,C,YYNNNYNN,N400BISCYN,112BSCNN,U,,63.2,,
USGS,254331080142403,G  -3750,GW,254331.54,0801424.91,25.7258064,-80.2400246,D,1,NAD27,NAD83,122,12,086,US,      S   T     R,,, 2.62,L,.01,NGVD29,03090202,21,,NNNNNNNNNNNNNNNNNNNNNNNNNNNNNN,,20010323,,,EST,Y,C,YYNNNYNN,N400BISCYN,112BSCNN,U,,98.3,,
USGS,254332080200801,G  -  39,GW,254332,0802008,25.72593456,-80.33533,M,U,NAD27,NAD83,122,12,086,US,      S22 T54S  R40E  T,,, 8.08,L,.1,NGVD29,03090202,21,F,NNNNNNNNNNNNNNNNNNNNNNNNNNNNNN,19400101,,,,EST,Y,C,YYNYNYNN,,,,6,,,459832500
USGS,254333080164801,G  - 897,GW,254333,0801648,25.7262121,-80.27977299,M,U,NAD27,NAD83,122,12,086,US,SWNENES19 T54S  R41E  T,,, 10.00,M,5.,NGVD29,03090202,21,F,NNNNNNNNNNNNNNNNNNNNNNNNNNNNNN,,,,,EST,Y,C,YYNYNNNN,,,,79,,,459832500
USGS,254335080170501,G  - 432,GW,254335.9,0801703.3,25.72663889,-80.28425,G,1,NAD83,NAD83,122,12,086,US,NWSWSWS19 T54S  R41E  T,SOUTH MIAMI,  24000, 11.5,L, .1,NGVD29,03090202,21,F,NNNNNNNNNNNNNNNNNNNNNNNNNNNNNN,19460323,19460323,,,EST,Y,C,YYNYNYNN,N400BISCYN,112BSCNN,U,99.5,,,2080-00200
USGS,254337080154901,G  -  44,GW,254337,0801549,25.7273231,-80.2633837,M,U,NAD27,NAD83,122,12,086,US,      S   T     R,"SOUTH MIAMI, FL",  24000, 10,N,4.3,NAVD88,03090202,21,,NNNNNNNNNNNNNNNNNNNNNNNNNNNNNN,,,,,EST,Y,C,YYNNNYNN,,,,15.3,,,459832500
USGS,254338080144501,G  -  43,GW,254338,0801445,25.7276008,-80.2456054,M,U,NAD27,NAD83,122,12,086,US,      S   T     R,"KEY BISCAYNE, FL",  24000, 8,N,4.3,NAVD88,03090202,21,,NNNNNNNNNNNNNNNNNNNNNNNNNNNNNN,,,,,EST,Y,C,YYNNNYNN,,,,12.8,,,459832500
USGS,254341080174001,G  -3606,GW,254341.7,0801734.5,25.72825,-80.2929167,G,1,NAD83,NAD83,122,12,086,US,NWSWNES24 T54S  R40E  T,,, 13.4,U, .1,NGVD29,03090202,21,F,NNNNNNNNNNNNNNNNNNNNNNNNNNNNNN,19950624,19960117,,,EST,Y,C,YYNNNYNN,N400BISCYN,112BSCNN,U,120,120,D,2080-00200
USGS,254343080152101,G  -  47,GW,254343,0801521,25.72898969,-80.2556057,M,U,NAD27,NAD83,122,12,086,US,      S   T     R,,,,,,,03090202,21,,NNNNNNNNNNNNNNNNNNNNNNNNNNNNNN,,,,,EST,Y,C,YYNNNNNN,,,,19.6,,,459832500
USGS,254345080093001,WELL  - BEAR CUT STATION 197 AND 47,GW,254345,0800930,25.72954507,-80.1581022,M,U,NAD27,NAD83,122,12,086,US,,,,,,,,03090202,21,L,NNNNNNNNNNNNNNNNNNNNNNNNNNNNNN,,,,,EST,Y,C,NNNNNNNN,,,,579,,,
USGS,254350080141801,F  - 160,GW,254350,0801418,25.730934,-80.238105,M,U,NAD27,NAD83,122,12,086,US,      S   T     R,,,,,,,03090202,21,,NNNNNNNNNNNNNNNNNNNNNNNNNNNNNN,,,,,EST,Y,C,YYNNNNNN,,,,63.9,,,459832500
USGS,254352080141601,G  - 292,GW,254352,0801416,25.73148956,-80.23754949,M,U,NAD27,NAD83,122,12,086,US,      S   T     R,,, 14.41,U,.01,NGVD29,03090202,21,,NNNNNNNNNNNNNNNNNNNNNNNNNNNNNN,,,,,EST,Y,C,YYNNNNNN,,,,16.2,,,459832500
USGS,254356080140201,G  - 334,GW,254356,0801402,25.73260063,-80.2336605,M,U,NAD27,NAD83,122,12,086,US,,,,,,,,03090202,21,,NNNNNNNNNNNNNNNNNNNNNNNNNNNNNN,,,,,EST,Y,C,YYNNNNNN,,,,6.4,,,459832500
USGS,254356080210801,G  -  37,GW,254356,0802108,25.73260106,-80.351997,M,U,NAD27,NAD83,122,12,086,US,      S   T     R,,,,,,,03090202,21,,NNNNNNNNNNNNNNNNNNNNNNNNNNNNNN,,,,,EST,Y,C,YYNNNNNN,,,,9.2,,,459832500
USGS,254358080151301,S  - 148,GW,254358,0801513,25.7331562,-80.2533833,M,U,NAD27,NAD83,122,12,086,US,      S   T     R,,,,,,,03090202,21,,NNNNNNNNNNNNNNNNNNNNNNNNNNNNNN,,,,,EST,Y,C,YNNNNNNN,,,,80,,,459832500
USGS,254358080155701,F  - 307,GW,254358,0801557,25.73315625,-80.26560589,M,U,NAD27,NAD83,122,12,086,US,      S   T     R,,,,,,,03090202,21,,NNNNNNNNNNNNNNNNNNNNNNNNNNNNNN,,,,,EST,Y,C,YYNNNNNN,,,,18.3,,,459832500
USGS,254358080181201,S  - 173,GW,254358,0801812,25.7331564,-80.30310689,M,U,NAD27,NAD83,122,12,086,US,      S   T     R,,,,,,,03090202,21,,NNNNNNNNNNNNNNNNNNNNNNNNNNNNNN,,,,,EST,Y,C,YNNNNNNN,,,,95,,,459832500
USGS,254358080183901,S  - 944,GW,254358,0801839,25.73315643,-80.31060708,M,U,NAD27,NAD83,122,12,086,US,      S   T     R,,,,,,,03090202,21,,NNNNNNNNNNNNNNNNNNNNNNNNNNNNNN,,,,,EST,Y,C,NYNNNNNN,,,,54.4,,,459832500
USGS,254359080142301,F  - 202,GW,254359,0801423,25.73343394,-80.23949399,M,U,NAD27,NAD83,122,12,086,US,      S   T     R,,,,,,,03090202,21,,NNNNNNNNNNNNNNNNNNNNNNNNNNNNNN,,,,,EST,Y,C,YYNNNNNN,,,,62,,,459832500
USGS,254359080151301,S  - 150,GW,254359,0801513,25.73343397,-80.2533833,M,U,NAD27,NAD83,122,12,086,US,      S   T     R,,,,,,,03090202,21,,NNNNNNNNNNNNNNNNNNNNNNNNNNNNNN,,,,,EST,Y,C,YYNNNNNN,,,,66,,,459832500
USGS,254359080151401,S  - 149,GW,254359,0801514,25.73343397,-80.2536611,M,U,NAD27,NAD83,122,12,086,US,      S   T     R,,,,,,,03090202,21,,NNNNNNNNNNNNNNNNNNNNNNNNNNNNNN,,,,,EST,Y,C,YNNNNNNN,,,,58,,,459832500
USGS,254400080170501,S  - 166,GW,254400,0801705,25.73371186,-80.2844953,M,U,NAD27,NAD83,122,12,086,US,      S   T     R,,,,,,,03090202,21,,NNNNNNNNNNNNNNNNNNNNNNNNNNNNNN,,,,,EST,Y,C,YNNNNNNN,,,,71,,,459832500
USGS,254403080163401,G  - 428A,GW,254403,0801634,25.73454513,-80.2758839,M,S,NAD27,NAD83,122,12,086,US,SESWSES18 T54S  R41E  T,,, 9.66,L,.1,NGVD29,03090202,21,F,NNNNNNNNNNNNNNNNNNNNNNNNNNNNNN,19590101,,,,EST,Y,C,YYNYNNNN,,,,69,,,459832500
USGS,254404080152201,S  - 170,GW,254404,0801522,25.7348228,-80.2558834,M,U,NAD27,NAD83,122,12,086,US,      S   T     R,,,,,,,03090202,21,,NNNNNNNNNNNNNNNNNNNNNNNNNNNNNN,,,,,EST,Y,C,YNNNNNNN,,,,45,,,459832500
USGS,254405080135301,S  - 147,GW,254405,0801353,25.73510054,-80.2311603,M,U,NAD27,NAD83,122,12,086,US,      S   T     R,,,,,,,03090202,21,,NNNNNNNNNNNNNNNNNNNNNNNNNNNNNN,,,,,EST,Y,C,YYNNNNNN,,,,45,,,459832500
USGS,254405080141801,F  - 159,GW,254405,0801418,25.73510055,-80.238105,M,U,NAD27,NAD83,122,12,086,US,      S   T     R,,,,,,,03090202,21,,NNNNNNNNNNNNNNNNNNNNNNNNNNNNNN,,,,,EST,Y,C,YYNNNNNN,,,,85.8,,,459832500
USGS,254406080140501,F  - 213,GW,254406,0801405,25.7353783,-80.2344938,M,U,NAD27,NAD83,122,12,086,US,      S   T     R,"KEY BISCAYNE, FL",  24000, 14,N,4.3,NAVD88,03090202,21,,NNNNNNNNNNNNNNNNNNNNNNNNNNNNNN,,,,,EST,Y,C,YYNNNYNN,,,,69.1,,,459832500
USGS,254406080142201,G  - 158A,GW,254406,0801422,25.7353783,-80.23921619,M,U,NAD27,NAD83,122,12,086,US,      S   T     R,,,,,,,03090202,21,,NNNNNNNNNNNNNNNNNNNNNNNNNNNNNN,,,,,EST,Y,C,YYNNNNNN,,,,16.7,,,459832500
USGS,254406080143701,F  - 188,GW,254406,0801437,25.7353783,-80.243383,M,U,NAD27,NAD83,122,12,086,US,      S   T     R,,,,,,,03090202,21,,NNNNNNNNNNNNNNNNNNNNNNNNNNNNNN,,,,,EST,Y,C,YYNNNNNN,,,,115,,,459832500
USGS,254413080203201,G  -1647,GW,254413,0802032,25.73732307,-80.3419968,M,F,NAD27,NAD83,122,12,086,US,SWSENWS16 T54S  R40E  T,,,,,,,03090202,21,F,NNNNNNNNNNNNNNNNNNNNNNNNNNNNNN,19720101,,,,EST,Y,C,YYNYNNNN,,,,8,,,459832500
USGS,254413080203202,G  -1648,GW,254413,0802032,25.73732307,-80.3419968,M,F,NAD27,NAD83,122,12,086,US,SWSENWS16 T54S  R40E  T,"SOUTH MIAMI, FL",  24000, 7,N,4.3,NAVD88,03090202,21,F,NNNNNNNNNNNNNNNNNNNNNNNNNNNNNN,19720101,,,,EST,Y,C,YYNYNYNN,,,,24.8,,,459832500
USGS,254414080141801,F  - 158,GW,254414,0801418,25.73760046,-80.238105,M,U,NAD27,NAD83,122,12,086,US,      S   T     R,,,,,,,03090202,21,,NNNNNNNNNNNNNNNNNNNNNNNNNNNNNN,,,,,EST,Y,C,YYNNNNNN,,,,83.4,,,459832500
USGS,254414080203201,G  -1605,GW,254414,0802032,25.73760084,-80.3419968,M,F,NAD27,NAD83,122,12,086,US,SWSENWS16 T54S  R40E  T,,, 8.60,U, .1,NGVD29,03090202,21,F,NNNNNNNNNNNNNNNNNNNNNNNNNNNNNN,19710101,,,,EST,Y,C,YYNYNYNN,,,,9.5,,,459832500
USGS,254414080203202,G  -1606,GW,254414,0802032,25.73760084,-80.3419968,M,F,NAD27,NAD83,122,12,086,US,SWSENWS16 T54S  R40E  T,"SOUTH MIAMI, FL",  24000, 7,N,4.3,NAVD88,03090202,21,F,NNNNNNNNNNNNNNNNNNNNNNNNNNNNNN,19710101,,,,EST,Y,C,YYNYNYNN,,,,25.5,,,459832500
USGS,254414080203203,G  -1607,GW,254414,0802032,25.73760084,-80.3419968,M,F,NAD27,NAD83,122,12,086,US,SWSENWS16 T54S  R40E  T,"SOUTH MIAMI, FL",  24000, 7,N,4.3,NAVD88,03090202,21,F,NNNNNNNNNNNNNNNNNNNNNNNNNNNNNN,19710101,,,,EST,Y,C,YYNYNYNN,,,,33.5,,,459832500
USGS,254414080203204,G  -1608,GW,254414,0802032,25.73760084,-80.3419968,M,F,NAD27,NAD83,122,12,086,US,SWSENWS16 T54S  R40E  T,"SOUTH MIAMI, FL",  24000, 7,N,4.3,NAVD88,03090202,21,F,NNNNNNNNNNNNNNNNNNNNNNNNNNNNNN,19710101,,,,EST,Y,C,YYNYNYNN,,,,49.5,,,459832500
USGS,254414080203205,G  -1609,GW,254414,0802032,25.73760084,-80.3419968,M,F,NAD27,NAD83,122,12,086,US,SWSENWS16 T54S  R40E  T,"SOUTH MIAMI, FL",  24000, 7,N,4.3,NAVD88,03090202,21,F,NNNNNNNNNNNNNNNNNNNNNNNNNNNNNN,19710101,,,,EST,Y,C,YYNYNYNN,,,,60.5,,,459832500
USGS,254415080140601,G  - 293,GW,254415,0801406,25.73787823,-80.2347716,M,U,NAD27,NAD83,122,12,086,US,      S   T     R,,,,,,,03090202,21,,NNNNNNNNNNNNNNNNNNNNNNNNNNNNNN,,,,,EST,Y,C,YYNNNNNN,,,,13,,,459832500
USGS,254415080143701,F  - 191,GW,254415,0801437,25.73787824,-80.24338299,M,U,NAD27,NAD83,122,12,086,US,      S   T     R,,,,,,,03090202,21,,NNNNNNNNNNNNNNNNNNNNNNNNNNNNNN,,,,,EST,Y,C,YYNNNNNN,,,,66.3,,,459832500
USGS,254416080171201,G  - 788,GW,254416,0801712,25.73815616,-80.2864397,M,U,NAD27,NAD83,122,12,086,US,SWNWSWS18 T54S  R41E  T,,, 10.00,M,5.,NGVD29,03090202,21,F,NNNNNNNNNNNNNNNNNNNNNNNNNNNNNN,,,,,EST,Y,C,YYNYNNNN,,,,91.8,,,459832500
USGS,254417080141101,G  -  48,GW,254417,0801411,25.73843377,-80.2361605,M,U,NAD27,NAD83,122,12,086,US,,,,,,,,03090202,21,,NNNNNNNNNNNNNNNNNNNNNNNNNNNNNN,,,,,EST,Y,C,YYNNNNNN,,,,12.8,,,459832500
USGS,254421080140501,F  - 198,GW,254421,0801405,25.73954484,-80.2344938,M,U,NAD27,NAD83,122,12,086,US,      S   T     R,,,,,,,03090202,21,,NNNNNNNNNNNNNNNNNNNNNNNNNNNNNN,,,,,EST,Y,C,YYNNNNNN,,,,67.2,,,459832500
USGS,254422080135401,G  - 295,GW,254422,0801354,25.7398226,-80.2314381,M,U,NAD27,NAD83,122,12,086,US,      S   T     R,,,,,,,03090202,21,,NNNNNNNNNNNNNNNNNNNNNNNNNNNNNN,,,,,EST,Y,C,NNNNNNNN,,,,13,,,
USGS,254422080153701,F  - 305,GW,254422,0801537,25.73982267,-80.2600501,M,U,NAD27,NAD83,122,12,086,US,      S   T     R,,,,,,,03090202,21,,NNNNNNNNNNNNNNNNNNNNNNNNNNNNNN,,,,,EST,Y,C,YNNNNNNN,,,,17.2,,,459832500
USGS,254424080162301,F  - 309,GW,254424,0801623,25.74037825,-80.2728283,M,U,NAD27,NAD83,122,12,086,US,      S   T     R,,,,,,,03090202,21,,NNNNNNNNNNNNNNNNNNNNNNNNNNNNNN,,,,,EST,Y,C,YYNNNNNN,,,,13.9,,,459832500
USGS,254425080141801,F  - 168,GW,254425,0801418,25.7406559,-80.238105,M,U,NAD27,NAD83,122,12,086,US,      S   T     R,,,,,,,03090202,21,,NNNNNNNNNNNNNNNNNNNNNNNNNNNNNN,,,,,EST,Y,C,YYNNNNNN,,,,107,,,459832500
USGS,254426080142001,F  - 177,GW,254426,0801420,25.74093368,-80.2386606,M,U,NAD27,NAD83,122,12,086,US,      S   T     R,"KEY BISCAYNE, FL",  24000, 9,N,4.3,NAVD88,03090202,21,,NNNNNNNNNNNNNNNNNNNNNNNNNNNNNN,,,,,EST,Y,C,YYNNNYNN,,,,55.5,,,459832500
USGS,254426080142401,F  - 171,GW,254426,0801424,25.74093369,-80.2397717,M,U,NAD27,NAD83,122,12,086,US,      S   T     R,,,,,,,03090202,21,,NNNNNNNNNNNNNNNNNNNNNNNNNNNNNN,,,,,EST,Y,C,YNNNNNNN,,,,56.3,,,459832500
USGS,254427080141401,D  - 133,GW,254427,0801414,25.74121145,-80.2369938,M,U,NAD27,NAD83,122,12,086,US,      S   T     R,,,,,,,03090202,21,,NNNNNNNNNNNNNNNNNNNNNNNNNNNNNN,,,,,EST,Y,C,YYNNNNNN,,,,106,,,459832500
USGS,254428080141701,G  - 189,GW,254428,0801417,25.7414892,-80.2378272,M,U,NAD27,NAD83,122,12,086,US,      S   T     R,,, 11.56,U,.01,NGVD29,03090202,21,,NNNNNNNNNNNNNNNNNNNNNNNNNNNNNN,,,,,EST,Y,C,YYNNNNNN,,,,241,,,459832500
USGS,254428080144401,F  - 181,GW,254428,0801444,25.74148923,-80.2453275,M,U,NAD27,NAD83,122,12,086,US,      S   T     R,,,,,,,03090202,21,,NNNNNNNNNNNNNNNNNNNNNNNNNNNNNN,,,,,EST,Y,C,YYNNNNNN,,,,52.4,,,459832500
USGS,254429080134401,F  - 192,GW,254429,0801344,25.74176697,-80.2286602,M,U,NAD27,NAD83,122,12,086,US,,,,,,,,03090202,21,,NNNNNNNNNNNNNNNNNNNNNNNNNNNNNN,,,,,EST,Y,C,YYNNNNNN,,,,76.4,,,459832500
USGS,254430080134901,G  - 294,GW,254430,0801349,25.74204474,-80.2300491,M,U,NAD27,NAD83,122,12,086,US,      S   T     R,,,,,,,03090202,21,,NNNNNNNNNNNNNNNNNNNNNNNNNNNNNN,,,,,EST,Y,C,YYNNNNNN,,,,11.7,,,459832500
USGS,254433080135801,D  - 123,GW,254433,0801358,25.74287805,-80.2325492,M,U,NAD27,NAD83,122,12,086,US,      S   T     R,,,,,,,03090202,21,,NNNNNNNNNNNNNNNNNNNNNNNNNNNNNN,,,,,EST,Y,C,YYNNNNNN,,,,87.5,,,459832500
USGS,254436080140201,G  - 296,GW,254436,0801402,25.74371136,-80.2336604,M,U,NAD27,NAD83,122,12,086,US,      S   T     R,,,,,,,03090202,21,,NNNNNNNNNNNNNNNNNNNNNNNNNNNNNN,,,,,EST,Y,C,YYNNNNNN,,,,13.4,,,459832500
USGS,254438080141801,F  - 167,GW,254438,0801418,25.7442669,-80.238105,M,U,NAD27,NAD83,122,12,086,US,      S   T     R,,,,,,,03090202,21,,NNNNNNNNNNNNNNNNNNNNNNNNNNNNNN,,,,,EST,Y,C,YNNNNNNN,,,,116,,,459832500
USGS,254438080195001,G  - 198,GW,254438,0801855,25.74426717,-80.3150516,M,U,NAD27,NAD83,122,12,086,US,      S   T     R,,, 6.24,U,.01,NGVD29,03090202,21,,NNNNNNNNNNNNNNNNNNNNNNNNNNNNNN,,,,,EST,Y,C,YYNNNNNN,,,,101,,,459832500
USGS,254440080125002,S  - 145,GW,254440,0801250,25.7448224,-80.2136597,M,U,NAD27,NAD83,122,12,086,US,      S   T     R,,,,,,,03090202,21,,NNNNNNNNNNNNNNNNNNNNNNNNNNNNNN,,,,,EST,Y,C,YYNNNNNN,,,,63,,,459832500
USGS,254444080140201,D  - 120,GW,254444,0801402,25.7459335,-80.2336604,M,U,NAD27,NAD83,122,12,086,US,      S   T     R,,,,,,,03090202,21,,NNNNNNNNNNNNNNNNNNNNNNNNNNNNNN,,,,,EST,Y,C,YYNNNNNN,,,,140,,,459832500
USGS,254444080144801,F  - 179,GW,254444.33,0801447.04,25.7456472,-80.2464,N,1,NAD83,NAD83,122,12,086,US,  SENWS16 T54S  R41E  T,,, 9.5,L, .1,NGVD29,03090202,21,F,NNNNNNNNNNNNNNNNNNNNNNNNNNNNNN,,,,,EST,Y,C,YYNYNYNN,N400BISCYN,112BSCNN,,77,,,2080-00200
USGS,254444080162201,F  - 308,GW,254444,0801622,25.7459336,-80.2725504,M,U,NAD27,NAD83,122,12,086,US,      S   T     R,,,,,,,03090202,21,,NNNNNNNNNNNNNNNNNNNNNNNNNNNNNN,,,,,EST,Y,C,YNNNNNNN,,,,55.5,,,459832500
USGS,254446080141801,F  - 166,GW,254446,0801418,25.74648905,-80.238105,M,U,NAD27,NAD83,122,12,086,US,      S   T     R,,,,,,,03090202,21,,NNNNNNNNNNNNNNNNNNNNNNNNNNNNNN,,,,,EST,Y,C,YYNNNNNN,,,,60.8,,,459832500
USGS,254447080164301,F  - 315,GW,254447,0801643,25.74676694,-80.2783839,M,U,NAD27,NAD83,122,12,086,US,      S   T     R,,,,,,,03090202,21,,NNNNNNNNNNNNNNNNNNNNNNNNNNNNNN,,,,,EST,Y,C,YNNNNNNN,,,,40.3,,,459832500
USGS,254448080134801,F  - 148,GW,254448,0801348,25.74704457,-80.2297713,M,U,NAD27,NAD83,122,12,086,US,      S   T     R,,,,,,,03090202,21,,NNNNNNNNNNNNNNNNNNNNNNNNNNNNNN,,,,,EST,Y,C,YYNNNNNN,,,,68.5,,,459832500
USGS,254449080204801,S  - 470,GW,254449,0802048,25.74732274,-80.3464413,M,U,NAD27,NAD83,122,12,086,US,,,,,,,,03090202,21,,NNNNNNNNNNNNNNNNNNNNNNNNNNNNNN,,,,,EST,Y,C,YNNNNNNN,,,,11.6,,,459832500
USGS,254449080204802,S  - 471,GW,254449,0802048,25.74732274,-80.3464413,M,U,NAD27,NAD83,122,12,086,US,      S   T     R,,,,,,,03090202,21,,NNNNNNNNNNNNNNNNNNNNNNNNNNNNNN,,,,,EST,Y,C,YNNNNNNN,,,,12,,,459832500
USGS,254453080132801,G  - 297,GW,254453,0801328,25.7484334,-80.2242156,M,U,NAD27,NAD83,122,12,086,US,      S   T     R,,,,,,,03090202,21,,NNNNNNNNNNNNNNNNNNNNNNNNNNNNNN,,,,,EST,Y,C,YYNNNNNN,,,,11.3,,,459832500
USGS,254454080134801,F  - 147,GW,254454,0801348,25.74871118,-80.2297713,M,U,NAD27,NAD83,122,12,086,US,      S   T     R,,,,,,,03090202,21,,NNNNNNNNNNNNNNNNNNNNNNNNNNNNNN,,,,,EST,Y,C,YYNNNNNN,,,,66.1,,,459832500
USGS,254454080141601,D  - 131,GW,254454,0801416,25.74871119,-80.2375494,M,U,NAD27,NAD83,122,12,086,US,      S   T     R,,,,,,,03090202,21,,NNNNNNNNNNNNNNNNNNNNNNNNNNNNNN,,,,,EST,Y,C,YYNNNNNN,,,,112,,,459832500
USGS,254454080154401,F  - 304,GW,254454,0801544,25.74871126,-80.2619946,M,U,NAD27,NAD83,122,12,086,US,      S   T     R,,,,,,,03090202,21,,NNNNNNNNNNNNNNNNNNNNNNNNNNNNNN,,,,,EST,Y,C,YYNNNNNN,,,,18,,,459832500
USGS,254455080144101,F  - 182,GW,254455,0801441,25.74898897,-80.244494,M,U,NAD27,NAD83,122,12,086,US,      S   T     R,,,,,,,03090202,21,,NNNNNNNNNNNNNNNNNNNNNNNNNNNNNN,,,,,EST,Y,C,YNNNNNNN,,,,75.7,,,459832500
USGS,254456080141701,G  - 333,GW,254456,0801417,25.74926673,-80.2378271,M,U,NAD27,NAD83,122,12,086,US,      S   T     R,,,,,,,03090202,21,,NNNNNNNNNNNNNNNNNNNNNNNNNNNNNN,,,,,EST,Y,C,YYNNNNNN,,,,8.5,,,459832500
USGS,254456080151801,D  - 196,GW,254456,0801518,25.74926677,-80.2547721,M,U,NAD27,NAD83,122,12,086,US,      S   T     R,,,,,,,03090202,21,,NNNNNNNNNNNNNNNNNNNNNNNNNNNNNN,,,,,EST,Y,C,YYNNNNNN,,,,135,,,459832500
USGS,254457080160301,G  -3229,GW,254458.4,0801603.2,25.74955556,-80.2675556,G,1,NAD83,NAD83,122,12,086,US,SESWSWS08 T54S  R41E  T,,, 6.9,U, .1,NGVD29,03090202,21,F,NNNNNNNNNNNNNNNNNNNNNNNNNNNNNN,19790801,19810603,,,EST,Y,C,YNNNNYNN,N400BISCYN,112BSCNN,U,85,,O,2080-00200
USGS,254458080144401,S  - 426,GW,254458,0801444,25.74982228,-80.2453274,M,U,NAD27,NAD83,122,12,086,US,      S   T     R,,,,,,,03090202,21,,NNNNNNNNNNNNNNNNNNNNNNNNNNNNNN,,,,,EST,Y,C,YYNNNNNN,,,,16.8,,,459832500
USGS,254500080162801,G  -3965,GW,254500.16,0801628.20,25.75004444,-80.2745,L,H,NAD83,NAD83,122,12,086,US,,,, 9.95,L,.01,NGVD29,03090202,,,NNNNNNNNNNNNNNNNNNNNNNNNNNNNNN,20140424,,,,EST,Y,C,Y    Y,N400BISCYN,112BSCNN,U,119,136,S,SALTMAP
USGS,254501080144201,D  - 350,GW,254501,0801442,25.75065558,-80.2447718,M,U,NAD27,NAD83,122,12,086,US,,,,,,,,03090202,21,,NNNNNNNNNNNNNNNNNNNNNNNNNNNNNN,,,,,EST,Y,C,YYNNNNNN,,,,93.7,,,459832500
USGS,254504080141801,F  - 164,GW,254504,0801418,25.75148888,-80.2381049,M,U,NAD27,NAD83,122,12,086,US,      S   T     R,,,,,,,03090202,21,,NNNNNNNNNNNNNNNNNNNNNNNNNNNNNN,,,,,EST,Y,C,YYNNNNNN,,,,78.3,,,459832500
USGS,254507080134901,F  - 146,GW,254507,0801349,25.75232217,-80.23004908,M,U,NAD27,NAD83,122,12,086,US,      S   T     R,,,,,,,03090202,21,,NNNNNNNNNNNNNNNNNNNNNNNNNNNNNN,,,,,EST,Y,C,YYNNNNNN,,,,109,,,459832500
USGS,254508080135001,G  - 298,GW,254508,0801350,25.75259993,-80.2303269,M,U,NAD27,NAD83,122,12,086,US,      S   T     R,,,,,,,03090202,21,,NNNNNNNNNNNNNNNNNNNNNNNNNNNNNN,,,,,EST,Y,C,YYNNNNNN,,,,10.1,,,459832500
USGS,254508080153101,D  - 181,GW,254508,0801531,25.7526,-80.2583833,M,U,NAD27,NAD83,122,12,086,US,      S   T     R,,,,,,,03090202,21,,NNNNNNNNNNNNNNNNNNNNNNNNNNNNNN,,,,,EST,Y,C,YYNNNNNN,,,,213,,,459832500
USGS,254513080162701,F  - 311,GW,254513,0801627,25.7539889,-80.2739393,M,U,NAD27,NAD83,122,12,086,US,      S   T     R,,,,,,,03090202,21,,NNNNNNNNNNNNNNNNNNNNNNNNNNNNNN,,,,,EST,Y,C,YNNNNNNN,,,,15.5,,,459832500
USGS,254514080131701,F  - 140,GW,254513,0801317,25.75398876,-80.2211599,M,U,NAD27,NAD83,122,12,086,US,      S   T     R,,,,,,,03090202,21,,NNNNNNNNNNNNNNNNNNNNNNNNNNNNNN,,,,,EST,Y,C,YNNNNNNN,,,,73.4,,,459832500
USGS,254515080141901,G  - 332,GW,254515,0801419,25.7545443,-80.2383827,M,U,NAD27,NAD83,122,12,086,US,      S   T     R,,,,,,,03090202,21,,NNNNNNNNNNNNNNNNNNNNNNNNNNNNNN,,,,,EST,Y,C,YYNNNNNN,,,,13.8,,,459832500
USGS,254516080141801,F  - 163,GW,254516,0801418,25.75482209,-80.2381049,M,U,NAD27,NAD83,122,12,086,US,      S   T     R,,,,,,,03090202,21,,NNNNNNNNNNNNNNNNNNNNNNNNNNNNNN,,,,,EST,Y,C,YYNNNNNN,,,,61.7,,,459832500
USGS,254518080143701,F  - 172,GW,254527,0801435,25.75787754,-80.24282729,M,U,NAD27,NAD83,122,12,086,US,,,,,,,,03090202,21,,NNNNNNNNNNNNNNNNNNNNNNNNNNNNNN,,,,,EST,Y,C,YYNNNNNN,,,,87.5,,,459832500
USGS,254518080144801,F  - 178,GW,254518,0801448,25.75537764,-80.2464385,M,U,NAD27,NAD83,122,12,086,US,,,,,,,,03090202,21,,NNNNNNNNNNNNNNNNNNNNNNNNNNNNNN,,,,,EST,Y,C,YNNNNNNN,,,,66.3,,,459832500
USGS,254520080132401,F  - 141,GW,254520,0801324,25.75593314,-80.2231044,M,U,NAD27,NAD83,122,12,086,US,      S   T     R,,,,,,,03090202,21,,NNNNNNNNNNNNNNNNNNNNNNNNNNNNNN,,,,,EST,Y,C,YNNNNNNN,,,,70.2,,,459832500
USGS,254522080122401,D  -  70,GW,254522,0801224,25.75648864,-80.2064371,M,U,NAD27,NAD83,122,12,086,US,      S   T     R,,,,,,,03090202,21,,NNNNNNNNNNNNNNNNNNNNNNNNNNNNNN,,,,,EST,Y,C,YYNNNNNN,,,,100,,,459832500
USGS,254522080123701,D  -  72,GW,254522,0801237,25.75648865,-80.2100484,M,U,NAD27,NAD83,122,12,086,US,      S   T     R,,,,,,,03090202,21,,NNNNNNNNNNNNNNNNNNNNNNNNNNNNNN,,,,,EST,Y,C,YYNNNNNN,,,,79.5,,,459832500
USGS,254522080132101,F  - 138,GW,254522,0801321,25.75648867,-80.222271,M,U,NAD27,NAD83,122,12,086,US,      S   T     R,,,,,,,03090202,21,,NNNNNNNNNNNNNNNNNNNNNNNNNNNNNN,,,,,EST,Y,C,YNNNNNNN,,,,58,,,459832500
USGS,254525080122301,D  -  69,GW,254525,0801223,25.75732195,-80.2061593,M,U,NAD27,NAD83,122,12,086,US,      S   T     R,,,,,,,03090202,21,,NNNNNNNNNNNNNNNNNNNNNNNNNNNNNN,,,,,EST,Y,C,YYNNNNNN,,,,97.4,,,459832500
USGS,254525080141201,S  - 154,GW,254525,0801412,25.757322,-80.2364382,M,U,NAD27,NAD83,122,12,086,US,      S   T     R,,,,,,,03090202,21,,NNNNNNNNNNNNNNNNNNNNNNNNNNNNNN,,,,,EST,Y,C,YNNNNNNN,,,,70,,,459832500
USGS,254526080133801,D  - 110,GW,254526,0801338,25.75759975,-80.2269934,M,U,NAD27,NAD83,122,12,086,US,      S   T     R,,,,,,,03090202,21,,NNNNNNNNNNNNNNNNNNNNNNNNNNNNNN,,,,,EST,Y,C,YYNNNNNN,,,,109,,,459832500
USGS,254527080152301,F  - 301,GW,254527,0801523,25.75787758,-80.256161,M,U,NAD27,NAD83,122,12,086,US,      S   T     R,,,,,,,03090202,21,,NNNNNNNNNNNNNNNNNNNNNNNNNNNNNN,,,,,EST,Y,C,YYNNNNNN,,,,57.5,,,459832500
USGS,254528080131301,D  -  86,GW,254528,0801313,25.75815527,-80.2200487,M,U,NAD27,NAD83,122,12,086,US,      S   T     R,,,,,,,03090202,21,,NNNNNNNNNNNNNNNNNNNNNNNNNNNNNN,,,,,EST,Y,C,YYNNNNNN,,,,45.6,,,459832500
USGS,254528080133001,G  - 186,GW,254930,0801330,25.82537509,-80.2247709,M,U,NAD27,NAD83,122,12,086,US,      S   T     R,,, 11.90,U, .1,NGVD29,03090202,21,,NNNNNNNNNNNNNNNNNNNNNNNNNNNNNN,,,,,EST,Y,C,YYNNNNNN,,,,300,,,459832500
USGS,254530080131301,F  - 137,GW,254530,0801313,25.7587108,-80.2200487,M,U,NAD27,NAD83,122,12,086,US,      S   T     R,,,,,,,03090202,21,,NNNNNNNNNNNNNNNNNNNNNNNNNNNNNN,,,,,EST,Y,C,YYNNNNNN,,,,87.8,,,459832500
USGS,254531080141801,F  - 162,GW,254531,0801418,25.7589886,-80.2381049,M,U,NAD27,NAD83,122,12,086,US,,,,,,,,03090202,21,,NNNNNNNNNNNNNNNNNNNNNNNNNNNNNN,,,,,EST,Y,C,YNNNNNNN,,,,73.6,,,459832500
USGS,254534080131501,D  -  85,GW,254534,0801315,25.75982188,-80.2206043,M,U,NAD27,NAD83,122,12,086,US,      S   T     R,,,,,,,03090202,21,,NNNNNNNNNNNNNNNNNNNNNNNNNNNNNN,,,,,EST,Y,C,YYNNNNNN,,,,97.6,,,459832500
USGS,254534080135801,F  - 150,GW,254534,0801358,25.7598219,-80.2325491,M,U,NAD27,NAD83,122,12,086,US,      S   T     R,,,,,,,03090202,21,,NNNNNNNNNNNNNNNNNNNNNNNNNNNNNN,,,,,EST,Y,C,YNNNNNNN,,,,68.4,,,459832500
USGS,254534080140401,F  - 151,GW,254534,0801404,25.7598219,-80.2342159,M,U,NAD27,NAD83,122,12,086,US,      S   T     R,,,,,,,03090202,21,,NNNNNNNNNNNNNNNNNNNNNNNNNNNNNN,,,,,EST,Y,C,YNNNNNNN,,,,105,,,459832500
USGS,254534080141801,F  - 161,GW,254534,0801418,25.7598219,-80.23810489,M,U,NAD27,NAD83,122,12,086,US,      S   T     R,,,,,,,03090202,21,,NNNNNNNNNNNNNNNNNNNNNNNNNNNNNN,,,,,EST,Y,C,YNNNNNNN,,,,107,,,459832500
USGS,254536080130701,D  -  78,GW,254536,0801307,25.7603774,-80.218382,M,U,NAD27,NAD83,122,12,086,US,      S   T     R,,,,,,,03090202,21,,NNNNNNNNNNNNNNNNNNNNNNNNNNNNNN,,,,,EST,Y,C,YYNNNNNN,,,,123,,,459832500
USGS,254536080230301,G  -3305,GW,254536,0802303,25.76037796,-80.3839422,M,S,NAD27,NAD83,122,12,086,US,      S   T     R,HIALEAH SW,  24000,,,,,03090202,21,F,NNNNNNNNNNNNNNNNNNNNNNNNNNNNNN,19830920,19831031,,,EST,Y,C,YYNNNNNN,N400BISCYN,112BSCNN,U,9,200,,32500
USGS,254536080230302,G  -3305A,GW,254536,0802303,25.76037796,-80.3839422,M,S,NAD27,NAD83,122,12,086,US,      S   T     R,HIALEAH SW,  24000,,,,,03090202,21,F,NNNNNNNNNNNNNNNNNNNNNNNNNNNNNN,19830919,19831031,,,EST,Y,C,YYNNNNNN,N400BISCYN,112BSCNN,U,9,23,O,32500
USGS,254536080230303,G  -3305B,GW,254536,0802303,25.76037796,-80.3839422,M,S,NAD27,NAD83,122,12,086,US,      S   T     R,HIALEAH SW,  24000,,,,,03090202,21,F,NNNNNNNNNNNNNNNNNNNNNNNNNNNNNN,19830920,19831031,,,EST,Y,C,YYNNNNNN,N400BISCYN,112BSCNN,U,9,60,O,32500
USGS,254536080230304,G  -3305C,GW,254536,0802303,25.76037796,-80.3839422,M,S,NAD27,NAD83,122,12,086,US,,HIALEAH SW,  24000,,,,,03090202,21,F,NNNNNNNNNNNNNNNNNNNNNNNNNNNNNN,19830920,19831031,,,EST,Y,C,YYNNNNNN,N400BISCYN,112BSCNN,U,9,120,O,32500
USGS,254538080140001,G  -3307,GW,254538,0801400,25.76093297,-80.2331047,M,S,NAD27,NAD83,122,12,086,US,      S   T     R,MIAMI,  24000,,,,,03090202,21,F,NNNNNNNNNNNNNNNNNNNNNNNNNNNNNN,19831025,19831212,,,EST,Y,C,YYNNNNNN,N400BISCYN,112BSCNN,U,9,250,O,32500
USGS,254538080140002,G  -3307A,GW,254538,0801400,25.76093297,-80.2331047,M,S,NAD27,NAD83,122,12,086,US,      S   T     R,MIAMI,  24000,,,,,03090202,21,F,NNNNNNNNNNNNNNNNNNNNNNNNNNNNNN,19831025,19831213,,,EST,Y,C,YYNNNNNN,N400BISCYN,112BSCNN,U,9,33,O,32500
USGS,254538080140003,G  -3307B,GW,254538,0801400,25.76093297,-80.2331047,M,S,NAD27,NAD83,122,12,086,US,      S   T     R,MIAMI,  24000,,,,,03090202,21,F,NNNNNNNNNNNNNNNNNNNNNNNNNNNNNN,19831025,19831213,,,EST,Y,C,YYNNNNNN,N400BISCYN,112BSCNN,U,9,60,O,32500
USGS,254538080140004,G  -3307C,GW,254538,0801400,25.76093297,-80.2331047,M,S,NAD27,NAD83,122,12,086,US,      S   T     R,MIAMI,  24000,,,,,03090202,21,F,NNNNNNNNNNNNNNNNNNNNNNNNNNNNNN,19831025,19831212,,,EST,Y,C,YYNNNNNN,N400BISCYN,112BSCNN,U,9,90,O,32500
USGS,254539080144201,F  - 174,GW,254539,0801442,25.76121076,-80.24477179,M,U,NAD27,NAD83,122,12,086,US,,,,,,,,03090202,21,,NNNNNNNNNNNNNNNNNNNNNNNNNNNNNN,,,,,EST,Y,C,YYNNNNNN,,,,67,,,459832500
USGS,254542080130201,D  -  77,GW,254542,0801302,25.762044,-80.216993,M,U,NAD27,NAD83,122,12,086,US,      S   T     R,,,,,,,03090202,21,,NNNNNNNNNNNNNNNNNNNNNNNNNNNNNN,,,,,EST,Y,C,YYNNNNNN,,,,88.1,,,459832500
USGS,254542080145901,G  -3888A,GW,254542.7,0801459.8,25.7618611,-80.2499444,G,5,NAD83,NAD83,122,12,086,US,SWNENWS9  T54S  R41E  T,,, 14.14,L,.01,NGVD29,03090202,21,,NNNNNNNNNNNNNNNNNNNNNNNNNNNNNN,20090803,20090803,,,EST,Y,C,YY   Y,N400BISCYN,112BSCNN,U,143.5,149,S,SaltMap
USGS,254542080145902,G  -3888B,GW,254542.7,0801459.8,25.7618611,-80.2499444,G,5,NAD83,NAD83,122,12,086,US,      S   T     R,,, 14.14,L,.01,NGVD29,03090202,,,NNNNNNNNNNNNNNNNNNNNNNNNNNNNNN,20090803,20090803,,,EST,Y,C,YY   Y,N400BISCYN,112BSCNN,U,141,149,S,SaltMap
USGS,254542080145903,G  -3888C,GW,254542.7,0801459.8,25.7618611,-80.2499444,G,5,NAD83,NAD83,122,12,086,US,      S   T     R,,, 14.14,L,.01,NGVD29,03090202,,,NNNNNNNNNNNNNNNNNNNNNNNNNNNNNN,20090803,20090803,,,EST,Y,C,YY   Y,N400BISCYN,112BSCNN,U,88,149,S,SaltMap
USGS,254544080120601,D  -  68,GW,254544,0801206,25.7625995,-80.2014369,M,U,NAD27,NAD83,122,12,086,US,      S   T     R,,,,,,,03090202,21,,NNNNNNNNNNNNNNNNNNNNNNNNNNNNNN,,,,,EST,Y,C,YYNNNNNN,,,,85.7,,,459832500
USGS,254551080135101,WELL AT SW 9TH ST AND 22ND AVE IN MIAMI FLA,GW,254551,0801351,25.76454395,-80.2306046,M,U,NAD27,NAD83,122,12,086,US,      S   T     R,,,,,,,03090202,21,,NNNNNNNNNNNNNNNNNNNNNNNNNNNNNN,,,,,EST,Y,C,NNNNNNNN,,,,,,,
USGS,254552080141901,D  - 130,GW,254552,0801419,25.76482173,-80.2383827,M,U,NAD27,NAD83,122,12,086,US,      S   T     R,,,,,,,03090202,21,,NNNNNNNNNNNNNNNNNNNNNNNNNNNNNN,,,,,EST,Y,C,YYNNNNNN,,,,144,,,459832500
USGS,254554080142001,D  - 129,GW,254554,0801420,25.76537727,-80.2386605,M,U,NAD27,NAD83,122,12,086,US,      S   T     R,,,,,,,03090202,21,,NNNNNNNNNNNNNNNNNNNNNNNNNNNNNN,,,,,EST,Y,C,YYNNNNNN,,,,91.5,,,459832500
USGS,254556080120601,D  -  67,GW,254556,0801206,25.76593274,-80.2014369,M,U,NAD27,NAD83,122,12,086,US,      S   T     R,,,,,,,03090202,21,,NNNNNNNNNNNNNNNNNNNNNNNNNNNNNN,,,,,EST,Y,C,YYNNNNNN,,,,131,,,459832500
USGS,254557080121701,S  - 153,GW,254557,0801217,25.7662105,-80.20449258,M,U,NAD27,NAD83,122,12,086,US,      S   T     R,,,,,,,03090202,21,,NNNNNNNNNNNNNNNNNNNNNNNNNNNNNN,,,,,EST,Y,C,YYNNNNNN,,,,50,,,459832500
USGS,254558080120601,D  -  66,GW,254558,0801206,25.76648827,-80.2014369,M,U,NAD27,NAD83,122,12,086,US,      S   T     R,,,,,,,03090202,21,,NNNNNNNNNNNNNNNNNNNNNNNNNNNNNN,,,,,EST,Y,C,YYNNNNNN,,,,133,,,459832500
USGS,254600080173701,G  -3306,GW,254600,0801737,25.76704405,-80.2933842,M,S,NAD27,NAD83,122,12,086,US,,HIALEAH,  24000,,,,,03090202,21,F,NNNNNNNNNNNNNNNNNNNNNNNNNNNNNN,19831021,19831212,,,EST,Y,C,YYNNNNNN,N400BISCYN,112BSCNN,U,9,230,O,32500
USGS,254600080173702,G  -3306A,GW,254600,0801737,25.76704405,-80.2933842,M,S,NAD27,NAD83,122,12,086,US,,HIALEAH,  24000,,,,,03090202,21,F,NNNNNNNNNNNNNNNNNNNNNNNNNNNNNN,19831020,19831212,,,EST,Y,C,YYNNNNNN,N400BISCYN,112BSCNN,U,9,43,O,32500
USGS,254600080173703,G  -3306B,GW,254600,0801737,25.76704405,-80.2933842,M,S,NAD27,NAD83,122,12,086,US,,HIALEAH,  24000,,,,,03090202,21,F,NNNNNNNNNNNNNNNNNNNNNNNNNNNNNN,19831022,19831212,,,EST,Y,C,YYNNNNNN,N400BISCYN,112BSCNN,U,9,97,O,32500
USGS,254600080173704,G  -3306C,GW,254600,0801737,25.76704405,-80.2933842,M,S,NAD27,NAD83,122,12,086,US,,HIALEAH,  24000,,,,,03090202,21,F,NNNNNNNNNNNNNNNNNNNNNNNNNNNNNN,19831021,19831212,,,EST,Y,C,YYNNNNNN,N400BISCYN,112BSCNN,U,9,63,O,32500
USGS,254600080173705,G  -3306D,GW,254600,0801737,25.76704405,-80.2933842,M,S,NAD27,NAD83,122,12,086,US,,HIALEAH,  24000,,,,,03090202,21,F,NNNNNNNNNNNNNNNNNNNNNNNNNNNNNN,19831021,19831212,,,EST,Y,C,YYNNNNNN,N400BISCYN,112BSCNN,U,9,130,O,32500
USGS,254601080150301,G  -3977D,GW,254600.53,0801503.95,25.76681389,-80.2510972,S,H,NAD83,NAD83,122,12,086,US,,,, 11.44,L,.01,NGVD29,03090202,,,NNNNNNNNNNNNNNNNNNNNNNNNNNNNNN,20160106,,,,EST,Y,C,YY   Y,N400BISCYN,112BSCNN,U,143.5,150.0,S,E2J04
USGS,254601080150302,G  -3977S,GW,254600.53,0801503.95,25.76681389,-80.2510972,S,H,NAD83,NAD83,122,12,086,US,,,, 11.44,L,.01,NGVD29,03090202,,A,NNNNNNNNNNNNNNNNNNNNNNNNNNNNNN,20160106,,,,EST,Y,C,Y    Y,N400BISCYN,112BSCNN,U,51.5,150.,S,E2J04
USGS,254602080173801,F  - 186,GW,254602,0801738,25.76759959,-80.293662,M,U,NAD27,NAD83,122,12,086,US,,,,,,,,03090202,21,,NNNNNNNNNNNNNNNNNNNNNNNNNNNNNN,,,,,EST,Y,C,YYNNNNNN,,,,63.1,,,459832500
USGS,254604080132201,"MIA, FLA",GW,254604,0801322,25.7681549,-80.2225488,M,U,NAD27,NAD83,122,12,086,US,      S   T     R,,,,,,,03090202,21,,NNNNNNNNNNNNNNNNNNNNNNNNNNNNNN,,,,,EST,Y,C,NNNNNNNN,,,,,,,
USGS,254605080130001,D  -  75,GW,254605,0801300,25.76843268,-80.2164374,M,U,NAD27,NAD83,122,12,086,US,      S   T     R,,,,,,,03090202,21,,NNNNNNNNNNNNNNNNNNNNNNNNNNNNNN,,,,,EST,Y,C,YYNNNNNN,,,,63.9,,,459832500
USGS,254609080150101,F  - 180,GW,254609,0801501,25.7695438,-80.2500497,M,U,NAD27,NAD83,122,12,086,US,,,,,,,,03090202,21,,NNNNNNNNNNNNNNNNNNNNNNNNNNNNNN,,,,,EST,Y,C,YYNNNNNN,,,,61.8,,,459832500
USGS,254609080184001,"TEST WELL AT FLAGAMI CT, S OF FLAGLAR MIAMI FLA",GW-TH,254609,0801840,25.769544,-80.31088468,M,U,NAD27,NAD83,122,12,086,US,,,,,,,,03090202,21,,NNNNNNNNNNNNNNNNNNNNNNNNNNNNNN,,,,,EST,Y,C,NNNNNNNN,,,,,,,
USGS,254611080140101,S  - 500,GW,254611,0801501,25.77009934,-80.2500497,M,U,NAD27,NAD83,122,12,086,US,,,,,,,,03090202,21,,NNNNNNNNNNNNNNNNNNNNNNNNNNNNNN,,,,,EST,Y,C,NNNNNNNN,,,,,,,
USGS,254611080192501,G  - 100,GW,254611,0801925,25.7700996,-80.323385,M,U,NAD27,NAD83,122,12,086,US,,,, 4.88,U,.01,NGVD29,03090202,21,,NNNNNNNNNNNNNNNNNNNNNNNNNNNNNN,,,,,EST,Y,C,YYNNNNNN,,,,59.1,,,459832500
USGS,254614080122901,S  - 152,GW,254614,0801229,25.77093257,-80.207826,M,U,NAD27,NAD83,122,12,086,US,      S   T     R,,,,,,,03090202,21,,NNNNNNNNNNNNNNNNNNNNNNNNNNNNNN,,,,,EST,Y,C,NNNNNNNN,,,,,,,
USGS,254617080120701,D  -  65,GW,254617,0801207,25.77176586,-80.20171469,M,U,NAD27,NAD83,122,12,086,US,      S   T     R,,,,,,,03090202,21,,NNNNNNNNNNNNNNNNNNNNNNNNNNNNNN,,,,,EST,Y,C,YYNNNNNN,,,,64.9,,,459832500
USGS,254617080125301,S  - 151,GW,254617,0801253,25.77176589,-80.2144929,M,U,NAD27,NAD83,122,12,086,US,      S   T     R,,,,,,,03090202,21,,NNNNNNNNNNNNNNNNNNNNNNNNNNNNNN,,,,,EST,Y,C,YYNNNNNN,,,,75,,,459832500
USGS,254617080142001,D  - 128,GW,254617,0801420,25.77176593,-80.2386604,M,U,NAD27,NAD83,122,12,086,US,,,,,,,,03090202,21,,NNNNNNNNNNNNNNNNNNNNNNNNNNNNNN,,,,,EST,Y,C,YYNNNNNN,,,,143,,,459832500
USGS,254618080172701,F  - 136,GW,254618,0801727,25.77204386,-80.2906064,M,U,NAD27,NAD83,122,12,086,US,      S   T     R,,,,,,,03090202,21,,NNNNNNNNNNNNNNNNNNNNNNNNNNNNNN,,,,,EST,Y,C,YNNNNNNN,,,,91,,,459832500
USGS,254619080152101,S  -  42,GW,254619,0801521,25.7723215,-80.2556054,M,U,NAD27,NAD83,122,12,086,US,      S   T     R,,,,,,,03090202,21,,NNNNNNNNNNNNNNNNNNNNNNNNNNNNNN,,,,,EST,Y,C,YNNNNNNN,,,,60,,,459832500
USGS,254620080133401,D  - 187,GW,254620,0801334,25.7725992,-80.2258822,M,U,NAD27,NAD83,122,12,086,US,      S   T     R,,, 11.00,U, .1,NGVD29,03090202,21,,NNNNNNNNNNNNNNNNNNNNNNNNNNNNNN,,,,,EST,Y,C,YYNNNNNN,,,,94,,,459832500
USGS,254621080132301,WELL 17AVE AND FLAGLER ST MIAMI FL,GW,254621,0801323,25.77287697,-80.2228265,M,U,NAD27,NAD83,122,12,086,US,      S   T     R,,,,,,,03090202,21,,NNNNNNNNNNNNNNNNNNNNNNNNNNNNNN,,,,,EST,Y,C,NNNNNNNN,,,,,,,
USGS,254624080133401,D  -  58,GW,254624,0801334,25.77371028,-80.2258822,M,U,NAD27,NAD83,122,12,086,US,,,,,,,,03090202,21,,NNNNNNNNNNNNNNNNNNNNNNNNNNNNNN,,,,,EST,Y,C,YYNNNNNN,,,,103,,,459832500
USGS,254624080134201,D  -  61,GW,254624,0801342,25.77371028,-80.2281045,M,U,NAD27,NAD83,122,12,086,US,      S   T     R,,,,,,,03090202,21,,NNNNNNNNNNNNNNNNNNNNNNNNNNNNNN,,,,,EST,Y,C,YYNNNNNN,,,,113,,,459832500
USGS,254627080112301,S  - 497,GW,254627,0801123,25.7745435,-80.189492,M,U,NAD27,NAD83,122,12,086,US,      S   T     R,,,,,,,03090202,21,,NNNNNNNNNNNNNNNNNNNNNNNNNNNNNN,,,,,EST,Y,C,YNNNNNNN,,,,60,,,459832500
USGS,254627080133701,D  -  59,GW,254627,0801337,25.77454359,-80.2267156,M,U,NAD27,NAD83,122,12,086,US,,,,,,,,03090202,21,,NNNNNNNNNNNNNNNNNNNNNNNNNNNNNN,,,,,EST,Y,C,YYNNNNNN,,,,148,,,459832500
USGS,254627080134201,D  -  62,GW,254627,0801342,25.77454359,-80.22810449,M,U,NAD27,NAD83,122,12,086,US,      S   T     R,,,,,,,03090202,21,,NNNNNNNNNNNNNNNNNNNNNNNNNNNNNN,,,,,EST,Y,C,YYNNNNNN,,,,93.2,,,459832500
USGS,254628080132601,D  -  55,GW,254628,0801326,25.77482135,-80.22365989,M,U,NAD27,NAD83,122,12,086,US,      S   T     R,,,,,,,03090202,21,,NNNNNNNNNNNNNNNNNNNNNNNNNNNNNN,,,,,EST,Y,C,YYNNNNNN,,,,119,,,459832500
USGS,254629080132901,D  -  56,GW,254629,0801329,25.7750991,-80.2244933,M,U,NAD27,NAD83,122,12,086,US,      S   T     R,,,,,,,03090202,21,,NNNNNNNNNNNNNNNNNNNNNNNNNNNNNN,,,,,EST,Y,C,YYNNNNNN,,,,120,,,459832500
USGS,254629080143101,G  -3605,GW,254629.4,0801430.2,25.77483333,-80.2417222,G,1,NAD83,NAD83,122,12,086,US,SESENES04 T54S  R41E  T,,, 13.2,U, .1,NGVD29,03090202,21,F,NNNNNNNNNNNNNNNNNNNNNNNNNNNNNN,19950915,19960117,,,EST,Y,C,YYNNNYNN,N400BISCYN,112BSCNN,U,110,110,D,2080-00200
USGS,254630080134201,D  -  63,GW,254630,0801342,25.77537689,-80.22810449,M,U,NAD27,NAD83,122,12,086,US,      S   T     R,,,,,,,03090202,21,,NNNNNNNNNNNNNNNNNNNNNNNNNNNNNN,,,,,EST,Y,C,YYNNNNNN,,,,112,,,459832500
USGS,254630080141701,F  - 125,GW,254630,0801417,25.7753769,-80.237827,M,U,NAD27,NAD83,122,12,086,US,,,,,,,,03090202,21,,NNNNNNNNNNNNNNNNNNNNNNNNNNNNNN,,,,,EST,Y,C,YNNNNNNN,,,,71.5,,,459832500
USGS,254630080151701,F  - 184,GW,254630,0801517,25.77537695,-80.2544943,M,U,NAD27,NAD83,122,12,086,US,      S   T     R,,,,,,,03090202,21,,NNNNNNNNNNNNNNNNNNNNNNNNNNNNNN,,,,,EST,Y,C,YYNNNNNN,,,,86.6,,,459832500
USGS,254632080135301,D  -  64,GW,254632,0801353,25.77593243,-80.2311602,M,U,NAD27,NAD83,122,12,086,US,      S   T     R,,,,,,,03090202,21,,NNNNNNNNNNNNNNNNNNNNNNNNNNNNNN,,,,,EST,Y,C,YYNNNNNN,,,,78.2,,,459832500
USGS,254633080133701,D  -  60,GW,254633,0801337,25.77621019,-80.2267156,M,U,NAD27,NAD83,122,12,086,US,,,,,,,,03090202,21,,NNNNNNNNNNNNNNNNNNNNNNNNNNNNNN,,,,,EST,Y,C,YYNNNNNN,,,,119,,,459832500
USGS,254643080112101,S  - 201,GW,254643,0801121,25.7789878,-80.1889364,M,U,NAD27,NAD83,122,12,086,US,      S   T     R,,,,,,,03090202,21,,NNNNNNNNNNNNNNNNNNNNNNNNNNNNNN,,,,,EST,Y,C,YNNNNNNN,,,,26,,,459832500
USGS,254643080145701,F  - 130,GW,254643,0801457,25.7789879,-80.2489385,M,U,NAD27,NAD83,122,12,086,US,      S   T     R,,,,,,,03090202,21,,NNNNNNNNNNNNNNNNNNNNNNNNNNNNNN,,,,,EST,Y,C,YNNNNNNN,,,,49.3,,,459832500
USGS,254644080135701,F  - 120,GW,254644,0801357,25.77926565,-80.23227129,M,U,NAD27,NAD83,122,12,086,US,      S   T     R,,,,,,,03090202,21,,NNNNNNNNNNNNNNNNNNNNNNNNNNNNNN,,,,,EST,Y,C,YNNNNNNN,,,,120,,,459832500
USGS,254646080113501,S  - 142,GW,254647,0801143,25.78009888,-80.1950478,M,U,NAD27,NAD83,122,12,086,US,      S37 T54S  R41E  T,MIAMI,24000, 8.00,U, .1,NGVD29,03090202,21,,NNNNNNNNNNNNNNNNNNNNNNNNNNNNNN,,,,,EST,Y,C,YYNNNNNN,,,,1165,,,459831200
USGS,254647080113901,S  -  70,GW,254647,0801139,25.78009888,-80.1939366,M,U,NAD27,NAD83,122,12,086,US,      S   T     R,,,,,,,03090202,21,,NNNNNNNNNNNNNNNNNNNNNNNNNNNNNN,,,,,EST,Y,C,YNNNNNNN,,,,101,,,459832500
USGS,254647080115801,G  - 147,GW,254647,0801158,25.78009889,-80.1992146,M,U,NAD27,NAD83,122,12,086,US,      S   T     R,,,,,,,03090202,21,,NNNNNNNNNNNNNNNNNNNNNNNNNNNNNN,,,,,EST,Y,C,YYNNNNNN,,,,14.9,,,459832500
USGS,254647080121201,S  -  88,GW,254647,0801212,25.7800989,-80.2031036,M,U,NAD27,NAD83,122,12,086,US,      S   T     R,,,,,,,03090202,21,,NNNNNNNNNNNNNNNNNNNNNNNNNNNNNN,,,,,EST,Y,C,YNNNNNNN,,,,35,,,459832500
USGS,254649080135101,S  - 119,GW,254649,0801351,25.78065448,-80.2306046,M,U,NAD27,NAD83,122,12,086,US,      S   T     R,,,,,,,03090202,21,,NNNNNNNNNNNNNNNNNNNNNNNNNNNNNN,,,,,EST,Y,C,YNNNNNNN,,,,35,,,459832500
USGS,254651080120801,S  -  86,GW,254651,0801208,25.78120997,-80.2019924,M,U,NAD27,NAD83,122,12,086,US,      S   T     R,,,,,,,03090202,21,,NNNNNNNNNNNNNNNNNNNNNNNNNNNNNN,,,,,EST,Y,C,YNNNNNNN,,,,100,,,459832500
USGS,254651080120802,S  -  87,GW,254651,0801208,25.78120997,-80.2019924,M,U,NAD27,NAD83,122,12,086,US,,,,,,,,03090202,21,,NNNNNNNNNNNNNNNNNNNNNNNNNNNNNN,,,,,EST,Y,C,YNNNNNNN,,,,18,,,459832500
USGS,254654080153501,S  - 308,GW,254654,0801535,25.78204339,-80.2594944,M,U,NAD27,NAD83,122,12,086,US,      S   T     R,,,,,,,03090202,21,,NNNNNNNNNNNNNNNNNNNNNNNNNNNNNN,,,,,EST,Y,C,YNNNNNNN,,,,60,,,459832500
USGS,254657080144401,F  - 233,GW,254657,0801444,25.78287665,-80.24532729,M,U,NAD27,NAD83,122,12,086,US,      S   T     R,,,,,,,03090202,21,,NNNNNNNNNNNNNNNNNNNNNNNNNNNNNN,,,,,EST,Y,C,YYNNNNNN,,,,48.9,,,459832500
USGS,254703080114001,S  -  72,GW,254703,0801140,25.78454316,-80.19421439,M,U,NAD27,NAD83,122,12,086,US,      S   T     R,,,,,,,03090202,21,,NNNNNNNNNNNNNNNNNNNNNNNNNNNNNN,,,,,EST,Y,C,YYNNNNNN,,,,32,,,459832500
USGS,254703080114101,S  -  71,GW,254703,0801141,25.78454316,-80.1944922,M,U,NAD27,NAD83,122,12,086,US,      S   T     R,,,,,,,03090202,21,,NNNNNNNNNNNNNNNNNNNNNNNNNNNNNN,,,,,EST,Y,C,YNNNNNNN,,,,32,,,459832500
USGS,254703080124501,S  - 407,GW,254703,0801245,25.7845432,-80.2122706,M,U,NAD27,NAD83,122,12,086,US,,,,,,,,03090202,21,,NNNNNNNNNNNNNNNNNNNNNNNNNNNNNN,,,,,EST,Y,C,YNNNNNNN,,,,32.2,,,459832500
USGS,254703080124502,S  - 408,GW,254703,0801245,25.7845432,-80.2122706,M,U,NAD27,NAD83,122,12,086,US,      S   T     R,,,,,,,03090202,21,,NNNNNNNNNNNNNNNNNNNNNNNNNNNNNN,,,,,EST,Y,C,YNNNNNNN,,,,40.3,,,459832500
USGS,254703080124503,S  - 409,GW,254703,0801245,25.7845432,-80.2122706,M,U,NAD27,NAD83,122,12,086,US,      S   T     R,,,,,,,03090202,21,,NNNNNNNNNNNNNNNNNNNNNNNNNNNNNN,,,,,EST,Y,C,YNNNNNNN,,,,69.5,,,459832500
USGS,254703080124504,S  - 410,GW,254703,0801245,25.7845432,-80.2122706,M,U,NAD27,NAD83,122,12,086,US,      S   T     R,,,,,,,03090202,21,,NNNNNNNNNNNNNNNNNNNNNNNNNNNNNN,,,,,EST,Y,C,YNNNNNNN,,,,65.2,,,459832500
USGS,254703080124505,S  - 411,GW,254703,0801245,25.7845432,-80.2122706,M,U,NAD27,NAD83,122,12,086,US,      S   T     R,,,,,,,03090202,21,,NNNNNNNNNNNNNNNNNNNNNNNNNNNNNN,,,,,EST,Y,C,YNNNNNNN,,,,42.7,,,459832500
USGS,254705080122901,S  -  90,GW,254705,0801229,25.7850987,-80.207826,M,U,NAD27,NAD83,122,12,086,US,      S   T     R,,,,,,,03090202,21,,NNNNNNNNNNNNNNNNNNNNNNNNNNNNNN,,,,,EST,Y,C,NNNNNNNN,,,,,,,
USGS,254707080135201,S  - 120,GW,254707,0801352,25.7856543,-80.2308823,M,U,NAD27,NAD83,122,12,086,US,      S   T     R,,,,,,,03090202,21,,NNNNNNNNNNNNNNNNNNNNNNNNNNNNNN,,,,,EST,Y,C,YNNNNNNN,,,,15,,,459832500
USGS,254707080155801,G -5005,GW,254706.75,0801557.57,25.78520833,-80.2659917,G,1,NAD83,NAD83,122,12,086,US,,"HIALEAH, FL",24000,8,N,4.3,NAVD88,03090202,,,NNNNNNNNNNNNNNNNNNNNNNNNNNNNNN,20191011,,,,EST,Y,C,YY   Y,N400BISCYN,112BSCNN,U,179.5,180,S,SALTFRONT
USGS,254710080121901,S  -  92,GW,254710,0801219,25.78648756,-80.2050481,M,U,NAD27,NAD83,122,12,086,US,      S   T     R,,,,,,,03090202,21,,NNNNNNNNNNNNNNNNNNNNNNNNNNNNNN,,,,,EST,Y,C,YNNNNNNN,,,,65,,,459832500
USGS,254710080132501,S  - 117,GW,254710,0801325,25.78648759,-80.223382,M,U,NAD27,NAD83,122,12,086,US,      S   T     R,,,,,,,03090202,21,,NNNNNNNNNNNNNNNNNNNNNNNNNNNNNN,,,,,EST,Y,C,YNNNNNNN,,,,21,,,459832500
USGS,254710080160201,G  -3403A,GW,254710,0801602,25.7864877,-80.2669946,M,U,NAD27,NAD83,122,12,086,US,      S   T     R,,,,,,,03090202,21,,NNNNNNNNNNNNNNNNNNNNNNNNNNNNNN,,,,,EST,Y,C,NNNNNNNN,N400BISCYN,112BSCNN,U,10,,,
USGS,254710080160202,G  -3403B,GW,254710,0801602,25.7864877,-80.2669946,M,U,NAD27,NAD83,122,12,086,US,      S   T     R,,,,,,,03090202,21,,NNNNNNNNNNNNNNNNNNNNNNNNNNNNNN,,,,,EST,Y,C,NNNNNNNN,N400BISCYN,112BSCNN,U,15,,,
USGS,254711080121901,S  -  94,GW,254711,0801219,25.78676533,-80.20504809,M,U,NAD27,NAD83,122,12,086,US,      S   T     R,,,,,,,03090202,21,,NNNNNNNNNNNNNNNNNNNNNNNNNNNNNN,,,,,EST,Y,C,YYNNNNNN,,,,56,,,459832500
USGS,254712080175901,F  - 487,GW,254712,0801759,25.78704335,-80.2994954,M,U,NAD27,NAD83,122,12,086,US,      S36 T53S  R40E  S,"HIALEAH, FL",  24000, 7,N,4.3,NAVD88,03090206,21,,NNNNNNNNNNNNNNNNNNNNNNNNNNNNNN,,,,,EST,Y,C,YYNNNYNN,,,,62.8,,,459832500
USGS,254713080122101,S  -  97,GW,254713,0801221,25.78732086,-80.2056037,M,U,NAD27,NAD83,122,12,086,US,      S   T     R,,,,,,,03090202,21,,NNNNNNNNNNNNNNNNNNNNNNNNNNNNNN,,,,,EST,Y,C,YNNNNNNN,,,,61,,,459832500
USGS,254713080122102,S  -  98,GW,254713,0801221,25.78732086,-80.2056037,M,U,NAD27,NAD83,122,12,086,US,      S   T     R,,,,,,,03090202,21,,NNNNNNNNNNNNNNNNNNNNNNNNNNNNNN,,,,,EST,Y,C,NNNNNNNN,,,,,,,
USGS,254714080122801,D  -  36,GW,254714,0801225,25.78759863,-80.2067148,M,U,NAD27,NAD83,122,12,086,US,      S   T     R,,,,,,,03090202,21,,NNNNNNNNNNNNNNNNNNNNNNNNNNNNNN,,,,,EST,Y,C,YYNNNNNN,,,,88.4,,,459832500
USGS,254716080122901,D  -  35,GW,254716,0801229,25.78815417,-80.207826,M,U,NAD27,NAD83,122,12,086,US,      S   T     R,,,,,,,03090202,21,,NNNNNNNNNNNNNNNNNNNNNNNNNNNNNN,,,,,EST,Y,C,YYNNNNNN,,,,108,,,459832500
USGS,254716080142201,S  - 121,GW,254716,0801422,25.78815423,-80.2392159,M,U,NAD27,NAD83,122,12,086,US,      S   T     R,,,,,,,03090202,21,,NNNNNNNNNNNNNNNNNNNNNNNNNNNNNN,,,,,EST,Y,C,YNNNNNNN,,,,20,,,459832500
USGS,254717080113002,S  - 143,GW,254717,0801130,25.7884319,-80.1914365,M,U,NAD27,NAD83,122,12,086,US,      S   T     R,,,,,,,03090202,21,,NNNNNNNNNNNNNNNNNNNNNNNNNNNNNN,,,,,EST,Y,C,YNNNNNNN,,,,103,,,459832500
USGS,254717080161201,G  -3400A,GW,254717,0801612,25.78843209,-80.2697724,M,U,NAD27,NAD83,122,12,086,US,      S   T     R,,,,,,,03090202,21,,NNNNNNNNNNNNNNNNNNNNNNNNNNNNNN,,,,,EST,Y,C,NNNNNNNN,N400BISCYN,112BSCNN,U,10,,,
USGS,254717080161202,G  -3400B,GW,254717,0801612,25.78843209,-80.2697724,M,U,NAD27,NAD83,122,12,086,US,      S   T     R,,,,,,,03090202,21,,NNNNNNNNNNNNNNNNNNNNNNNNNNNNNN,,,,,EST,Y,C,NNNNNNNN,N400BISCYN,112BSCNN,U,15,,,
USGS,254717080161203,G  -3401A,GW,254717,0801612,25.78843209,-80.2697724,M,U,NAD27,NAD83,122,12,086,US,      S   T     R,,,,,,,03090202,21,,NNNNNNNNNNNNNNNNNNNNNNNNNNNNNN,,,,,EST,Y,C,NNNNNNNN,N400BISCYN,112BSCNN,U,10,,,
USGS,254717080161204,G  -3401B,GW,254717,0801612,25.78843209,-80.2697724,M,U,NAD27,NAD83,122,12,086,US,      S   T     R,,,,,,,03090202,21,,NNNNNNNNNNNNNNNNNNNNNNNNNNNNNN,,,,,EST,Y,C,NNNNNNNN,N400BISCYN,112BSCNN,U,15,,,
USGS,254717080161205,G  -3402,GW,254717,0801612,25.78843209,-80.2697724,M,U,NAD27,NAD83,122,12,086,US,      S   T     R,,,,,,,03090202,21,,NNNNNNNNNNNNNNNNNNNNNNNNNNNNNN,,,,,EST,Y,C,NNNNNNNN,N400BISCYN,112BSCNN,U,,,,
USGS,254718080123401,D  -  39,GW,254718,0801234,25.7887097,-80.2092149,M,U,NAD27,NAD83,122,12,086,US,      S   T     R,,,,,,,03090202,21,,NNNNNNNNNNNNNNNNNNNNNNNNNNNNNN,,,,,EST,Y,C,YYNNNNNN,,,,113,,,459832500
USGS,254720080120601,F  -  81,GW,254720,0801206,25.78926523,-80.2014369,M,U,NAD27,NAD83,122,12,086,US,      S   T     R,,,,,,,03090202,21,,NNNNNNNNNNNNNNNNNNNNNNNNNNNNNN,,,,,EST,Y,C,YNNNNNNN,,,,59.7,,,459832500
USGS,254720080122001,G  -3143,GW,254720,0801220,25.78926524,-80.2053259,M,U,NAD27,NAD83,122,12,086,US,      S   T     R,,,,,,,03090202,21,,NNNNNNNNNNNNNNNNNNNNNNNNNNNNNN,19770101,,,,EST,Y,C,NYNNNNNN,,,,,,,459832500
USGS,254722080124001,D  -  44,GW,254722,0801240,25.78982078,-80.2108816,M,U,NAD27,NAD83,122,12,086,US,      S   T     R,,,,,,,03090202,21,,NNNNNNNNNNNNNNNNNNNNNNNNNNNNNN,,,,,EST,Y,C,YYNNNNNN,,,,93.2,,,459832500
USGS,254722080131601,F  -  80,GW,254722,0801316,25.7898208,-80.220882,M,U,NAD27,NAD83,122,12,086,US,      S   T     R,,,,,,,03090202,21,,NNNNNNNNNNNNNNNNNNNNNNNNNNNNNN,,,,,EST,Y,C,YYNNNNNN,,,,95.4,,,459832500
USGS,254722080152201,G  -3604,GW,254723.7,0801522.6,25.78991667,-80.2562778,G,1,NAD83,NAD83,122,12,086,US,NESENES32 T53S  R41E  T,,, 5.0,U, .1,NGVD29,03090202,21,F,NNNNNNNNNNNNNNNNNNNNNNNNNNNNNN,19950818,19960117,,,EST,Y,C,YYNNNYNN,N400BISCYN,112BSCNN,U,120,120,D,2080-00200
USGS,254723080114201,S  - 136,GW,254723,0801142,25.7900985,-80.1947699,M,U,NAD27,NAD83,122,12,086,US,      S   T     R,,,,,,,03090202,21,,NNNNNNNNNNNNNNNNNNNNNNNNNNNNNN,,,,,EST,Y,C,YNNNNNNN,,,,21,,,459832500
USGS,254723080123201,D  -  38,GW,254723,0801227,25.79009854,-80.20727038,M,U,NAD27,NAD83,122,12,086,US,      S   T     R,,,,,,,03090202,21,,NNNNNNNNNNNNNNNNNNNNNNNNNNNNNN,,,,,EST,Y,C,YYNNNNNN,,,,102,,,459832500
USGS,254725080114201,S  -  73,GW,254725,0801142,25.79065406,-80.1947699,M,U,NAD27,NAD83,122,12,086,US,      S   T     R,,,,,,,03090202,21,,NNNNNNNNNNNNNNNNNNNNNNNNNNNNNN,,,,,EST,Y,C,YNNNNNNN,,,,37,,,459832500
USGS,254725080114202,S  -  74,GW,254725,0801142,25.79065406,-80.1947699,M,U,NAD27,NAD83,122,12,086,US,      S   T     R,,,,,,,03090202,21,,NNNNNNNNNNNNNNNNNNNNNNNNNNNNNN,,,,,EST,Y,C,YNNNNNNN,,,,37,,,459832500
USGS,254725080114203,S  -  75,GW,254725,0801142,25.79065406,-80.1947699,M,U,NAD27,NAD83,122,12,086,US,      S   T     R,,,,,,,03090202,21,,NNNNNNNNNNNNNNNNNNNNNNNNNNNNNN,,,,,EST,Y,C,YNNNNNNN,,,,104,,,459832500
USGS,254725080114204,S  -  76,GW,254725,0801142,25.79065406,-80.1947699,M,U,NAD27,NAD83,122,12,086,US,      S   T     R,,,,,,,03090202,21,,NNNNNNNNNNNNNNNNNNNNNNNNNNNNNN,,,,,EST,Y,C,YNNNNNNN,,,,46.2,,,459832500
USGS,254725080114205,S  -  77,GW,254725,0801142,25.79065406,-80.1947699,M,U,NAD27,NAD83,122,12,086,US,,,,,,,,03090202,21,,NNNNNNNNNNNNNNNNNNNNNNNNNNNNNN,,,,,EST,Y,C,YNNNNNNN,,,,53.4,,,459832500
USGS,254725080161001,WELL NOA MIAMI AIR DEPOT,GW,254725,0801610,25.79065423,-80.2692168,M,U,NAD27,NAD83,122,12,086,US,      S   T     R,,,,,,,03090202,21,,NNNNNNNNNNNNNNNNNNNNNNNNNNNNNN,,,,,EST,Y,C,NNNNNNNN,,,,,,,
USGS,254726080143601,S  -  40,GW,254726,0801436,25.7909319,-80.243105,M,U,NAD27,NAD83,122,12,086,US,,,,,,,,03090202,21,,NNNNNNNNNNNNNNNNNNNNNNNNNNNNNN,,,,,EST,Y,C,YNNNNNNN,,,,49.5,,,459832500
USGS,254728080123201,S  - 489,GW,254728,0801232,25.79148739,-80.2086593,M,U,NAD27,NAD83,122,12,086,US,,,,,,,,03090202,21,,NNNNNNNNNNNNNNNNNNNNNNNNNNNNNN,,,,,EST,Y,C,YYNNNNNN,,,,60,,,459832500
USGS,254731080081701,S  - 158,GW,254731,0800817,25.79232055,-80.1378235,M,U,NAD27,NAD83,122,12,086,US,      S34 T53S  R42E  T,MIAMI,24000, 4.00,U, .1,NGVD29,03090202,21,,NNNNNNNNNNNNNNNNNNNNNNNNNNNNNN,,,,,EST,Y,C,YYNNNNNN,,,,1066,,,459831200
USGS,254731080143601,S  -  39,GW,254731,0801436,25.79232076,-80.243105,M,U,NAD27,NAD83,122,12,086,US,      S   T     R,,,,,,,03090202,21,,NNNNNNNNNNNNNNNNNNNNNNNNNNNNNN,,,,,EST,Y,C,YNNNNNNN,,,,79,,,459832500
USGS,254732080150801,S  -  38,GW,254732,0801508,25.79259855,-80.2519941,M,U,NAD27,NAD83,122,12,086,US,      S   T     R,,,,,,,03090202,21,,NNNNNNNNNNNNNNNNNNNNNNNNNNNNNN,,,,,EST,Y,C,YNNNNNNN,,,,45,,,459832500
USGS,254733080220202,G  -3399B,GW,254733,0802202,25.7928767,-80.3669972,M,U,NAD27,NAD83,122,12,086,US,,,,,,,,03090202,21,,NNNNNNNNNNNNNNNNNNNNNNNNNNNNNN,,,,,EST,Y,C,NNNNNNNN,N400BISCYN,112BSCNN,U,10,,,
USGS,254733080220203,G  -3399C,GW,254733,0802202,25.7928767,-80.3669972,M,U,NAD27,NAD83,122,12,086,US,,,,,,,,03090202,21,,NNNNNNNNNNNNNNNNNNNNNNNNNNNNNN,,,,,EST,Y,C,NNNNNNNN,N400BISCYN,112BSCNN,U,15,,,
USGS,254733080220204,G  -3398A,GW,254733,0802202,25.7928767,-80.3669972,M,U,NAD27,NAD83,122,12,086,US,      S32 T53S  R40E  S,"HIALEAH, FL",  24000, 5,N,4.3,NAVD88,03090206,21,,NNNNNNNNNNNNNNNNNNNNNNNNNNNNNN,,,,,EST,Y,C,YNNNNYNN,N400BISCYN,112BSCNN,U,10,,,
USGS,254733080220205,G  -3398B,GW,254733,0802202,25.7928767,-80.3669972,M,U,NAD27,NAD83,122,12,086,US,,,,,,,,03090202,21,,NNNNNNNNNNNNNNNNNNNNNNNNNNNNNN,,,,,EST,Y,C,NNNNNNNN,N400BISCYN,112BSCNN,U,15,,,
USGS,254736080123001,S  - 110,GW,254736,0801230,25.79370953,-80.2081037,M,U,NAD27,NAD83,122,12,086,US,      S   T     R,,,,,,,03090202,21,,NNNNNNNNNNNNNNNNNNNNNNNNNNNNNN,,,,,EST,Y,C,YNNNNNNN,,,,55,,,459832500
USGS,254736080123002,S  - 111,GW,254736,0801230,25.79370953,-80.2081037,M,U,NAD27,NAD83,122,12,086,US,      S   T     R,,,,,,,03090202,21,,NNNNNNNNNNNNNNNNNNNNNNNNNNNNNN,,,,,EST,Y,C,YNNNNNNN,,,,40,,,459832500
USGS,254736080133301,F  - 102,GW,254736,0801333,25.79370956,-80.2256043,M,U,NAD27,NAD83,122,12,086,US,,,,,,,,03090202,21,,NNNNNNNNNNNNNNNNNNNNNNNNNNNNNN,,,,,EST,Y,C,YYNNNNNN,,,,119,,,459832500
USGS,254736080135101,F  - 117,GW,254736,0801351,25.79370957,-80.2306045,M,U,NAD27,NAD83,122,12,086,US,      S   T     R,,,,,,,03090202,21,,NNNNNNNNNNNNNNNNNNNNNNNNNNNNNN,,,,,EST,Y,C,YYNNNNNN,,,,55.4,,,459832500
USGS,254738080161401,G  -1352,GW,254738,0801614,25.7942652,-80.270328,M,S,NAD27,NAD83,122,12,086,US,SWSWSES29 T53S  R41E  T,,, 8.00,M,5.,NGVD29,03090202,21,T,NNNNNNNNNNNNNNNNNNNNNNNNNNNNNN,19680101,,,,EST,Y,C,YYNYNYNN,,,,89,,,459832500
USGS,254739080124401,S  - 200,GW,254739,0801244,25.79454284,-80.2119928,M,U,NAD27,NAD83,122,12,086,US,      S   T     R,,,,,,,03090202,21,,NNNNNNNNNNNNNNNNNNNNNNNNNNNNNN,,,,,EST,Y,C,YYNNNNNN,,,,40.5,,,459832500
USGS,254743080113901,S  -  80,GW,254743,0801139,25.79565387,-80.1939366,M,U,NAD27,NAD83,122,12,086,US,      S   T     R,,,,,,,03090202,21,,NNNNNNNNNNNNNNNNNNNNNNNNNNNNNN,,,,,EST,Y,C,YYNNNNNN,,,,40,,,459832500
USGS,254744080122501,S  - 204,GW,254744,0801225,25.79593167,-80.20671479,M,U,NAD27,NAD83,122,12,086,US,      S   T     R,,,,,,,03090202,21,,NNNNNNNNNNNNNNNNNNNNNNNNNNNNNN,,,,,EST,Y,C,YNNNNNNN,,,,80,,,459832500
USGS,254744080122502,S  - 204-205,GW,254744,0801225,25.79593167,-80.20671479,M,U,NAD27,NAD83,122,12,086,US,      S   T     R,,,,,,,03090202,21,,NNNNNNNNNNNNNNNNNNNNNNNNNNNNNN,,,,,EST,Y,C,NNNNNNNN,,,,,,,
USGS,254745080124701,S  - 162,GW,254745,0801247,25.79620945,-80.2128261,M,U,NAD27,NAD83,122,12,086,US,,,,,,,,03090202,21,,NNNNNNNNNNNNNNNNNNNNNNNNNNNNNN,,,,,EST,Y,C,YYNNNNNN,,,,60,,,459832500
USGS,254747080220801,G  -3396A,GW,254747,0802208,25.79676545,-80.3686639,M,U,NAD27,NAD83,122,12,086,US,,,,,,,,03090202,21,,NNNNNNNNNNNNNNNNNNNNNNNNNNNNNN,,,,,EST,Y,C,NNNNNNNN,N400BISCYN,112BSCNN,U,10,,,
USGS,254747080220802,G  -3396B,GW,254747,0802208,25.79676545,-80.3686639,M,U,NAD27,NAD83,122,12,086,US,,,,,,,,03090202,21,,NNNNNNNNNNNNNNNNNNNNNNNNNNNNNN,,,,,EST,Y,C,NNNNNNNN,N400BISCYN,112BSCNN,U,15,,,
USGS,254747080230401,G  - 275,GW,254747,0802304,25.7967655,-80.3842199,M,U,NAD27,NAD83,122,12,086,US,,,,,,,,03090202,21,,NNNNNNNNNNNNNNNNNNNNNNNNNNNNNN,,,,,EST,Y,C,YYNNNNNN,,,,5.4,,,459832500
USGS,254748080121701,D  -  30,GW,254748,0801217,25.79704273,-80.20449249,M,U,NAD27,NAD83,122,12,086,US,      S   T     R,,,,,,,03090202,21,,NNNNNNNNNNNNNNNNNNNNNNNNNNNNNN,,,,,EST,Y,C,YYNNNNNN,,,,132,,,459832500
USGS,254749080124801,S  - 113,GW,254749,0801248,25.7973205,-80.2131039,M,U,NAD27,NAD83,122,12,086,US,      S   T     R,,,,,,,03090202,21,,NNNNNNNNNNNNNNNNNNNNNNNNNNNNNN,,,,,EST,Y,C,YNNNNNNN,,,,70,,,459832500
USGS,254749080230801,G  -3106,GW,254749,0802308,25.79732104,-80.385331,M,U,NAD27,NAD83,122,12,086,US,      S25 T53S  R39E  S,"HIALEAH SW, FL",  24000, 5,N,4.3,NAVD88,03090206,21,,NNNNNNNNNNNNNNNNNNNNNNNNNNNNNN,19760202,19760202,,,EST,Y,C,YYNNNYNN,N400BISCYN,112BSCNN,U,62,62,D,459832500
USGS,254750080124601,S  - 112,GW,254750,0801246,25.79759828,-80.2125483,M,U,NAD27,NAD83,122,12,086,US,      S   T     R,,,,,,,03090202,21,,NNNNNNNNNNNNNNNNNNNNNNNNNNNNNN,,,,,EST,Y,C,YYNNNNNN,,,,90,,,459832500
USGS,254752080125901,S  - 115,GW,254752,0801259,25.79815383,-80.2161596,M,U,NAD27,NAD83,122,12,086,US,      S   T     R,,,,,,,03090202,21,,NNNNNNNNNNNNNNNNNNNNNNNNNNNNNN,,,,,EST,Y,C,YNNNNNNN,,,,85,,,459832500
USGS,254752080181501,G  -3329,GW,254753.3,0801813.6,25.79813889,-80.3037778,G,S,NAD83,NAD83,122,12,086,US,  SWSWS25 T53S  R40E  T,,, 6.6,U, .1,NGVD29,03090202,21,,NNNNNNNNNNNNNNNNNNNNNNNNNNNNNN,,,,,EST,Y,C,YYNNNYNN,N400BISCYN,112BSCNN,U,54,,,2080-00200
USGS,254755080120101,S  - 118,GW,254755,0801201,25.7989871,-80.20004788,M,U,NAD27,NAD83,122,12,086,US,      S   T     R,,,,,,,03090202,21,,NNNNNNNNNNNNNNNNNNNNNNNNNNNNNN,,,,,EST,Y,C,YNNNNNNN,,,,63,,,459832500
USGS,254755080194501,G  - 274,GW,254755,0801945,25.79898746,-80.3289406,M,U,NAD27,NAD83,122,12,086,US,,,,,,,,03090202,21,,NNNNNNNNNNNNNNNNNNNNNNNNNNNNNN,,,,,EST,Y,C,YYNNNNNN,,,,5.1,,,459832500
USGS,254756080113901,D  - 139,GW,254756,0801139,25.79926485,-80.1939366,M,U,NAD27,NAD83,122,12,086,US,      S   T     R,,,,,,,03090202,21,,NNNNNNNNNNNNNNNNNNNNNNNNNNNNNN,,,,,EST,Y,C,YYNNNNNN,,,,86.7,,,459832500
USGS,254800080075501,S  - 159,GW,254800,0800755,25.8003758,-80.1317122,M,U,NAD27,NAD83,122,12,086,US,      S   T     R,,,,,,,03090202,21,,NNNNNNNNNNNNNNNNNNNNNNNNNNNNNN,,,,,EST,Y,C,YNNNNNNN,,,,88,,,459832500
USGS,254803080141801,S  -  35,GW,254803,0801418,25.8012093,-80.2381048,M,U,NAD27,NAD83,122,12,086,US,      S   T     R,,,,,,,03090202,21,,NNNNNNNNNNNNNNNNNNNNNNNNNNNNNN,,,,,EST,Y,C,YYNNNNNN,,,,51,,,459832500
USGS,254804080114401,S  -  43,GW,254804,0801144,25.801487,-80.19532549,M,U,NAD27,NAD83,122,12,086,US,      S   T     R,,,,,,,03090202,21,,NNNNNNNNNNNNNNNNNNNNNNNNNNNNNN,,,,,EST,Y,C,YYNNNNNN,,,,33,,,459832500
USGS,254804080153801,S  - 222,GW,254804,0801538,25.80148714,-80.2603277,M,U,NAD27,NAD83,122,12,086,US,      S   T     R,,,,,,,03090202,21,,NNNNNNNNNNNNNNNNNNNNNNNNNNNNNN,,,,,EST,Y,C,YNNNNNNN,,,,49.3,,,459832500
USGS,254804080153802,S  - 223,GW,254804,0801538,25.80148714,-80.2603277,M,U,NAD27,NAD83,122,12,086,US,      S   T     R,,,,,,,03090202,21,,NNNNNNNNNNNNNNNNNNNNNNNNNNNNNN,,,,,EST,Y,C,YNNNNNNN,,,,50.9,,,459832500
USGS,254805080131901,S  -  37,GW,254805,0801319,25.8017648,-80.22171529,M,U,NAD27,NAD83,122,12,086,US,      S   T     R,,,,,,,03090202,21,,NNNNNNNNNNNNNNNNNNNNNNNNNNNNNN,,,,,EST,Y,C,YNNNNNNN,,,,60,,,459832500
USGS,254805080132701,S  -  31,GW,254805,0801327,25.8017648,-80.22393759,M,U,NAD27,NAD83,122,12,086,US,      S   T     R,,,,,,,03090202,21,,NNNNNNNNNNNNNNNNNNNNNNNNNNNNNN,,,,,EST,Y,C,YNNNNNNN,,,,60,,,459832500
USGS,254805080153501,D  - 177,GW,254805,0801535,25.8017649,-80.2594943,M,U,NAD27,NAD83,122,12,086,US,      S   T     R,,,,,,,03090202,21,,NNNNNNNNNNNNNNNNNNNNNNNNNNNNNN,,,,,EST,Y,C,YYNNNNNN,,,,99.8,,,459832500
USGS,254807080114401,S  -  46,GW,254807,0801144,25.8023203,-80.19532549,M,U,NAD27,NAD83,122,12,086,US,      S   T     R,,,,,,,03090202,21,,NNNNNNNNNNNNNNNNNNNNNNNNNNNNNN,,,,,EST,Y,C,YYNNNNNN,,,,30,,,459832500
USGS,254807080114402,S  -  47,GW,254807,0801144,25.8023203,-80.19532549,M,U,NAD27,NAD83,122,12,086,US,      S   T     R,,,,,,,03090202,21,,NNNNNNNNNNNNNNNNNNNNNNNNNNNNNN,,,,,EST,Y,C,YYNNNNNN,,,,150,,,459832500
USGS,254807080133801,S  -  30,GW,254807,0801338,25.80232037,-80.2269933,M,U,NAD27,NAD83,122,12,086,US,,,,,,,,03090202,21,,NNNNNNNNNNNNNNNNNNNNNNNNNNNNNN,,,,,EST,Y,C,YYNNNNNN,,,,75,,,459832500
USGS,254807080153701,D  - 178,GW,254807,0801537,25.80232045,-80.2600499,M,U,NAD27,NAD83,122,12,086,US,      S   T     R,,,,,,,03090202,21,,NNNNNNNNNNNNNNNNNNNNNNNNNNNNNN,,,,,EST,Y,C,YYNNNNNN,,,,85.7,,,459832500
USGS,254808080121801,D  -  31,GW,254808,0801218,25.80259809,-80.2047703,M,U,NAD27,NAD83,122,12,086,US,      S   T     R,,,,,,,03090202,21,,NNNNNNNNNNNNNNNNNNNNNNNNNNNNNN,,,,,EST,Y,C,YYNNNNNN,,,,157,,,459832500
USGS,254810080123001,S  - 199,GW,254810,0801230,25.80315363,-80.2081037,M,U,NAD27,NAD83,122,12,086,US,      S   T     R,,,,,,,03090202,21,,NNNNNNNNNNNNNNNNNNNNNNNNNNNNNN,,,,,EST,Y,C,YYNNNNNN,,,,85,,,459832500
USGS,254811080121501,D  -  33,GW,254811,0801215,25.80343139,-80.2039369,M,U,NAD27,NAD83,122,12,086,US,      S   T     R,,,,,,,03090202,21,,NNNNNNNNNNNNNNNNNNNNNNNNNNNNNN,,,,,EST,Y,C,YYNNNNNN,,,,117,,,459832500
USGS,254811080121801,D  -  32,GW,254811,0801218,25.80343139,-80.2047703,M,U,NAD27,NAD83,122,12,086,US,      S   T     R,,,,,,,03090202,21,,NNNNNNNNNNNNNNNNNNNNNNNNNNNNNN,,,,,EST,Y,C,YYNNNNNN,,,,168,,,459832500
USGS,254811080152801,WELL DUNAN BRICKYARD NWN RIV DV MIAMI FL,GW,254811,0801528,25.8034315,-80.2575498,M,U,NAD27,NAD83,122,12,086,US,      S   T     R,,,,,,,03090202,21,,NNNNNNNNNNNNNNNNNNNNNNNNNNNNNN,,,,,EST,Y,C,NYNNNNNN,,,,,,,
USGS,254812080155601,"WELL NOB MIAMI AIR DEPOT NR MIAMI, FLA",GW,254812,0801556,25.8037093,-80.26532779,M,U,NAD27,NAD83,122,12,086,US,      S   T     R,,,,,,,03090202,21,,NNNNNNNNNNNNNNNNNNNNNNNNNNNNNN,,,,,EST,Y,C,NNNNNNNN,,,,,,,
USGS,254813080115101,G  - 113,GW,254813,0801151,25.8039869,-80.19727,M,U,NAD27,NAD83,122,12,086,US,      S   T     R,,,,,,,03090202,21,,NNNNNNNNNNNNNNNNNNNNNNNNNNNNNN,,,,,EST,Y,C,YYNNNNNN,,,,19,,,459832500
USGS,254813080115102,G  - 114,GW,254813,0801151,25.8039869,-80.19727,M,U,NAD27,NAD83,122,12,086,US,,,,,,,,03090202,21,,NNNNNNNNNNNNNNNNNNNNNNNNNNNNNN,,,,,EST,Y,C,YYNNNNNN,,,,14.9,,,459832500
USGS,254813080120601,S  -  84,GW,254813,0801206,25.8039869,-80.2014368,M,U,NAD27,NAD83,122,12,086,US,      S   T     R,,,,,,,03090202,21,,NNNNNNNNNNNNNNNNNNNNNNNNNNNNNN,,,,,EST,Y,C,YYNNNNNN,,,,40.5,,,459832500
USGS,254813080161501,G  -1351,GW,254814.4,0801615.3,25.804,-80.2709167,G,S,NAD83,NAD83,122,12,086,US,NESWNWS29 T53S  R41E  T,,, 6.80,M, .1,NGVD29,03090202,21,T,NNNNNNNNNNNNNNNNNNNNNNNNNNNNNN,,,,,EST,Y,C,YYNYNYNN,N400BISCYN,112BSCNN,,103,,,2080-00200
USGS,254813080170001,G  -1350,GW,254813,0801700,25.80398713,-80.283106,M,S,NAD27,NAD83,122,12,086,US,NWSENWS30 T53S  R41E  T,,, 8.00,M,5.,NGVD29,03090202,21,T,NNNNNNNNNNNNNNNNNNNNNNNNNNNNNN,19680101,,,,EST,Y,C,YYNYNYNN,,,,105,,,459832500
USGS,254815080113701,S  -  51,GW,254815,0801137,25.80454244,-80.193381,M,U,NAD27,NAD83,122,12,086,US,      S   T     R,,,,,,,03090202,21,,NNNNNNNNNNNNNNNNNNNNNNNNNNNNNN,,,,,EST,Y,C,YNNNNNNN,,,,41,,,459832500
USGS,254816080155301,G  - 196,GW,254816,0801553,25.80482037,-80.2644944,M,U,NAD27,NAD83,122,12,086,US,      S   T     R,,, 5.03,U,.01,NGVD29,03090202,21,,NNNNNNNNNNNNNNNNNNNNNNNNNNNNNN,,,,,EST,Y,C,YYNNNNNN,,,,92,,,459832500
USGS,254821080112901,S  - 134,GW,254821,0801129,25.80620904,-80.1911587,M,U,NAD27,NAD83,122,12,086,US,      S   T     R,,,,,,,03090202,21,,NNNNNNNNNNNNNNNNNNNNNNNNNNNNNN,,,,,EST,Y,C,YNNNNNNN,,,,44,,,459832500
USGS,254821080113101,S  - 133,GW,254821,0801131,25.80620904,-80.1917142,M,U,NAD27,NAD83,122,12,086,US,      S   T     R,,,,,,,03090202,21,,NNNNNNNNNNNNNNNNNNNNNNNNNNNNNN,,,,,EST,Y,C,YNNNNNNN,,,,100,,,459832500
USGS,254821080134201,F  -  93,GW,254821,0801342,25.8062091,-80.22810439,M,U,NAD27,NAD83,122,12,086,US,      S   T     R,,,,,,,03090202,21,,NNNNNNNNNNNNNNNNNNNNNNNNNNNNNN,,,,,EST,Y,C,YNNNNNNN,,,,93.1,,,459832500
USGS,254821080134601,F  -  82,GW,254821,0801346,25.8062091,-80.2292155,M,U,NAD27,NAD83,122,12,086,US,      S   T     R,,,,,,,03090202,21,,NNNNNNNNNNNNNNNNNNNNNNNNNNNNNN,,,,,EST,Y,C,YNNNNNNN,,,,69.5,,,459832500
USGS,254822080125501,G  -3704,GW,254822.44,0801254.72,25.80623333,-80.2152,G,S,NAD83,NAD83,122,12,086,US,SWNWNES26 T53S  R41E  T,,, 10.4,R, .5,NGVD29,03090202,21,F,NNNNNNNNNNNNNNNNNNNNNNNNNNNNNN,19990519,19990520,,,EST,Y,M,YYNNNYNN,N400BISCYN,112BSCNN,U,112,120,D,2080-00200
USGS,254824080155301,G  -3964,GW,254824.83,0801553.38,25.8068972,-80.2648278,S,H,NAD83,NAD83,122,12,086,US,NENENWS29 T53S  R41E,,, 7.04,L,.01,NGVD29,03090202,,,NNNNNNNNNNNNNNNNNNNNNNNNNNNNNN,20140528,,,,EST,Y,C,Y    Y,N400BISCYN,112BSCNN,U,130,189,S,SALTMAP
USGS,254824080160901,S  - 474,GW,254824,0801609,25.80704253,-80.26893898,M,U,NAD27,NAD83,122,12,086,US,      S   T     R,,,,,,,03090202,21,,NNNNNNNNNNNNNNNNNNNNNNNNNNNNNN,,,,,EST,Y,C,YNNNNNNN,,,,58.4,,,459832500
USGS,254825080120701,F  -  70,GW,254825,0801207,25.80732013,-80.20171458,M,U,NAD27,NAD83,122,12,086,US,,,,,,,,03090202,21,,NNNNNNNNNNNNNNNNNNNNNNNNNNNNNN,,,,,EST,Y,C,YNNNNNNN,,,,103,,,459832500
USGS,254825080160901,S  - 473,GW,254825,0801609,25.8073203,-80.268939,M,U,NAD27,NAD83,122,12,086,US,      S   T     R,,,,,,,03090202,21,,NNNNNNNNNNNNNNNNNNNNNNNNNNNNNN,,,,,EST,Y,C,YNNNNNNN,,,,56.4,,,459832500
USGS,254825080161801,D  - 194,GW,254825,0801618,25.8073203,-80.271439,M,U,NAD27,NAD83,122,12,086,US,      S   T     R,,,,,,,03090202,21,,NNNNNNNNNNNNNNNNNNNNNNNNNNNNNN,,,,,EST,Y,C,YYNNNNNN,,,,103,,,459832500
USGS,254826080161801,D  - 192,GW,254826,0801618,25.80759807,-80.271439,M,U,NAD27,NAD83,122,12,086,US,      S   T     R,,,,,,,03090202,21,,NNNNNNNNNNNNNNNNNNNNNNNNNNNNNN,,,,,EST,Y,C,YYNNNNNN,,,,99.7,,,459832500
USGS,254827080160501,S  - 475,GW,254827,0801605,25.80787583,-80.2678278,M,U,NAD27,NAD83,122,12,086,US,      S   T     R,,,,,,,03090202,21,,NNNNNNNNNNNNNNNNNNNNNNNNNNNNNN,,,,,EST,Y,C,YNNNNNNN,,,,60,,,459832500
USGS,254827080161801,D  - 193,GW,254827,0801618,25.80787584,-80.271439,M,U,NAD27,NAD83,122,12,086,US,      S   T     R,,,,,,,03090202,21,,NNNNNNNNNNNNNNNNNNNNNNNNNNNNNN,,,,,EST,Y,C,YYNNNNNN,,,,104,,,459832500
USGS,254828080141901,F  - 234,GW,254828,0801419,25.8081535,-80.2383825,M,U,NAD27,NAD83,122,12,086,US,      S   T     R,,,,,,,03090202,21,,NNNNNNNNNNNNNNNNNNNNNNNNNNNNNN,,,,,EST,Y,C,YYNNNNNN,,,,45,,,459832500
USGS,254828080155201,S  - 472,GW,254828,0801552,25.80815358,-80.2642166,M,U,NAD27,NAD83,122,12,086,US,      S   T     R,,,,,,,03090202,21,,NNNNNNNNNNNNNNNNNNNNNNNNNNNNNN,,,,,EST,Y,C,YNNNNNNN,,,,76.2,,,459832500
USGS,254828080160801,D  - 351,GW,254828,0801608,25.8081536,-80.26866119,M,U,NAD27,NAD83,122,12,086,US,      S   T     R,,, 7.00,U, .1,NGVD29,03090202,21,,NNNNNNNNNNNNNNNNNNNNNNNNNNNNNN,,,,,EST,Y,C,YYNNNNNN,,,,94,,,459832500
USGS,254828080161501,G  - 354,GW,254830.54,0801614.10,25.80848333,-80.2705833,G,1,NAD83,NAD83,122,12,086,US,SESWSWS20 T53S  R41E  T,HIALEAH,  24000, 6.33,L, .1,NGVD29,03090202,21,F,NNNNNNNNNNNNNNNNNNNNNNNNNNNNNN,,19450130,,,EST,Y,C,YYNYNYNN,N400BISCYN,112BSCNN,U,90.2,,O,2080-00200
USGS,254828080161502,G  - 354R,GW,254830.84,0801614.76,25.808567,-80.270767,N,5,NAD83,NAD83,122,12,086,US,S20 T053S R041E,Hialeah,24000,5.2,X,0.02,NAVD88,030902061405,,,NNNNNNNNNNNNNNNNNNNNNNNNNNNNNN,,20240129,,,EST,Y,C,,N400BISCYN,112BSCNN,,91.0,91.0,D,
USGS,254829080154301,G  - 192,GW,254829,0801543,25.80843134,-80.2617166,M,U,NAD27,NAD83,122,12,086,US,      S   T     R,,, 6.16,U,.01,NGVD29,03090202,21,,NNNNNNNNNNNNNNNNNNNNNNNNNNNNNN,,,,,EST,Y,C,YYNNNNNN,,,,56.7,,,459832500
USGS,254829080154302,G  - 193,GW,254829,0801543,25.80843134,-80.2617166,M,U,NAD27,NAD83,122,12,086,US,      S   T     R,,,,,,,03090202,21,,NNNNNNNNNNNNNNNNNNNNNNNNNNNNNN,,,,,EST,Y,C,YYNNNNNN,,,,85.7,,,459832500
USGS,254829080172401,S  - 478,GW,254829,0801724,25.80843143,-80.2897729,M,U,NAD27,NAD83,122,12,086,US,      S   T     R,,,,,,,03090202,21,,NNNNNNNNNNNNNNNNNNNNNNNNNNNNNN,,,,,EST,Y,C,YNNNNNNN,,,,49.2,,,459832500
USGS,254831080120501,F  -  71,GW,254831,0801205,25.80898674,-80.201159,M,U,NAD27,NAD83,122,12,086,US,,,,,,,,03090202,21,,NNNNNNNNNNNNNNNNNNNNNNNNNNNNNN,,,,,EST,Y,C,YNNNNNNN,,,,93.9,,,459832500
USGS,254832080114501,S  -  81,GW,254832,0801145,25.8092645,-80.1956033,M,U,NAD27,NAD83,122,12,086,US,      S   T     R,,,,,,,03090202,21,,NNNNNNNNNNNNNNNNNNNNNNNNNNNNNN,,,,,EST,Y,C,YNNNNNNN,,,,80,,,459832500
USGS,254832080132601,D  -  52,GW,254832,0801326,25.80926455,-80.22365978,M,U,NAD27,NAD83,122,12,086,US,      S   T     R,,,,,,,03090202,21,,NNNNNNNNNNNNNNNNNNNNNNNNNNNNNN,,,,,EST,Y,C,YYNNNNNN,,,,159,,,459832500
USGS,254832080132801,F  - 108,GW,254832,0801328,25.80926456,-80.2242154,M,U,NAD27,NAD83,122,12,086,US,      S   T     R,,,,,,,03090202,21,,NNNNNNNNNNNNNNNNNNNNNNNNNNNNNN,,,,,EST,Y,C,YNNNNNNN,,,,63,,,459832500
USGS,254832080175001,S  -  19,GW,254835.8,0801749.7,25.80994444,-80.29713889,G,1,NAD83,NAD83,122,12,086,US,  NWNES25 T53S  R40E  T,,, 6.9,L, .1,NGVD29,03090202,21,F,NNNNNNNNNNNNNNNNNNNNNNNNNNNNNN,19390101,,,,EST,Y,C,YYNYNYNN,N400BISCYN,112BSCNN,,95,,,2080-00200
USGS,254833080124701,D  -  46,GW,254833,0801247,25.8095423,-80.212826,M,U,NAD27,NAD83,122,12,086,US,      S   T     R,,,,,,,03090202,21,,NNNNNNNNNNNNNNNNNNNNNNNNNNNNNN,,,,,EST,Y,C,YYNNNNNN,,,,232,,,459832500
USGS,254833080125901,D  -  47,GW,254833,0801259,25.8095423,-80.2161595,M,U,NAD27,NAD83,122,12,086,US,      S   T     R,,,,,,,03090202,21,,NNNNNNNNNNNNNNNNNNNNNNNNNNNNNN,,,,,EST,Y,C,YYNNNNNN,,,,93.5,,,459832500
USGS,254833080152801,G  -1355,GW,254833,0801528,25.8095424,-80.2575498,M,S,NAD27,NAD83,122,12,086,US,SESESES20 T53S  R41E  T,,, 8.00,M,5.,NGVD29,03090202,21,T,NNNNNNNNNNNNNNNNNNNNNNNNNNNNNN,19680101,,,,EST,Y,C,YYNYNYNN,,,,104,,,459832500
USGS,254833080155801,G  -1354,GW,254834.5,0801556.6,25.80958333,-80.2657222,G,1,NAD83,NAD83,122,12,086,US,SWSESES20 T53S  R41E  T,,, 6.6,M, .1,NGVD29,03090202,21,T,NNNNNNNNNNNNNNNNNNNNNNNNNNNNNN,,,,,EST,Y,C,YYNYNYNN,N400BISCYN,112BSCNN,U,104,,,2080-00200
USGS,254834080122301,D  -  34,GW,254834,0801223,25.80982005,-80.2061592,M,U,NAD27,NAD83,122,12,086,US,      S   T     R,,,,,,,03090202,21,,NNNNNNNNNNNNNNNNNNNNNNNNNNNNNN,,,,,EST,Y,C,YYNNNNNN,,,,140,,,459832500
USGS,254834080160701,G  - 199,GW,254834,0801607,25.8098202,-80.2683834,M,U,NAD27,NAD83,122,12,086,US,,,, 4.41,U,.01,NGVD29,03090202,21,,NNNNNNNNNNNNNNNNNNNNNNNNNNNNNN,,,,,EST,Y,C,YYNNNNNN,,,,92,,,459832500
USGS,254834080160801,S  - 476,GW,254834,0801608,25.8098202,-80.26866119,M,U,NAD27,NAD83,122,12,086,US,,,,,,,,03090202,21,,NNNNNNNNNNNNNNNNNNNNNNNNNNNNNN,,,,,EST,Y,C,YNNNNNNN,,,,14.8,,,459832500
USGS,254834080162801,G  - 570,GW,254834,0801628,25.8098202,-80.27421689,M,S,NAD27,NAD83,122,12,086,US,SESENWS19 T53S  R41E  T,HIALEAH, 24000, 5.77,L,.1,NGVD29,03090202,21,F,NNNNNNNNNNNNNNNNNNNNNNNNNNNNNN,19480201,19480201,,,EST,Y,C,YYNYNYNN,N400BISCYN,112BSCNN,U,87,94.1,O,459800200
USGS,254835080113701,S  - 203,GW,254835,0801137,25.81009779,-80.193381,M,U,NAD27,NAD83,122,12,086,US,      S   T     R,,,,,,,03090202,21,,NNNNNNNNNNNNNNNNNNNNNNNNNNNNNN,,,,,EST,Y,C,YNNNNNNN,,,,65.5,,,459832500
USGS,254836080154301,G  - 197,GW,254836,0801543,25.8103757,-80.2617166,M,U,NAD27,NAD83,122,12,086,US,,,, 6.04,U,.01,NGVD29,03090202,21,,NNNNNNNNNNNNNNNNNNNNNNNNNNNNNN,,,,,EST,Y,C,YYNNNNNN,,,,90.5,,,459832500
USGS,254836080165201,G  - 577,GW,254836,0801652,25.81037578,-80.2808837,M,S,NAD27,NAD83,122,12,086,US,SENWSWS19 T53S  R41E  T,,, 5.94,U,.01,NGVD29,03090202,21,F,NNNNNNNNNNNNNNNNNNNNNNNNNNNNNN,19480101,,,,EST,Y,C,YYNYNYNN,N400BISCYN,112BSCNN,,98.7,,,459832500
USGS,254837080114301,D  - 142,GW,254837,0801143,25.81065333,-80.1950477,M,U,NAD27,NAD83,122,12,086,US,      S   T     R,,,,,,,03090202,21,,NNNNNNNNNNNNNNNNNNNNNNNNNNNNNN,,,,,EST,Y,C,YYNNNNNN,,,,144,,,459832500
USGS,254837080114701,G  - 112,GW,254837,0801147,25.81065334,-80.1961588,M,U,NAD27,NAD83,122,12,086,US,,,,,,,,03090202,21,,NNNNNNNNNNNNNNNNNNNNNNNNNNNNNN,,,,,EST,Y,C,YYNNNNNN,,,,17.9,,,459832500
USGS,254837080115701,D  -  14,GW,254837,0801157,25.81065334,-80.1989367,M,U,NAD27,NAD83,122,12,086,US,      S   T     R,,,,,,,03090202,21,,NNNNNNNNNNNNNNNNNNNNNNNNNNNNNN,,,,,EST,Y,C,YYNNNNNN,,,,161,,,459832500
USGS,254837080132801,D  -  53,GW,254837,0801328,25.81065339,-80.2242154,M,U,NAD27,NAD83,122,12,086,US,      S   T     R,,,,,,,03090202,21,,NNNNNNNNNNNNNNNNNNNNNNNNNNNNNN,,,,,EST,Y,C,YYNNNNNN,,,,138,,,459832500
USGS,254837080163001,F  -   9,GW,254837,0801630,25.81065353,-80.2747725,M,U,NAD27,NAD83,122,12,086,US,      S19 T53S  R41E  S,"HIALEAH, FL",  24000, 5,N,4.3,NAVD88,03090206,21,,NNNNNNNNNNNNNNNNNNNNNNNNNNNNNN,,,,,EST,Y,C,YYNYNYNN,N400BISCYN,112BSCNN,,48.8,,,459832500
USGS,254839080162301,G  -3467,GW,254841.3,0801622.0,25.8114722,-80.2727778,G,1,NAD83,NAD83,122,12,086,US,  SWSWS20 T53S  R41E  T,HIALEAH,  24000, 4.3,U, .1,NGVD29,03090202,21,F,YNNNNNNNNNNNNNNNNNNNNNNNNNNNNN,19880115,19880126,,,EST,Y,C,YYNNNYNN,N400BISCYN,112BSCNN,U,27.50,,O,2080-00200
USGS,254840080164501,F  -   6,GW,254840,0801645,25.81148684,-80.2789392,M,U,NAD27,NAD83,122,12,086,US,      S19 T53S  R41E  S,"HIALEAH, FL",  24000, 5,N,4.3,NAVD88,03090206,21,,NNNNNNNNNNNNNNNNNNNNNNNNNNNNNN,,,,,EST,Y,C,YYNNNYNN,,,,47.7,,,459832500
USGS,254840080173601,S  - 477,GW,254840,0801736,25.81148689,-80.2931063,M,U,NAD27,NAD83,122,12,086,US,      S   T     R,,,,,,,03090202,21,,NNNNNNNNNNNNNNNNNNNNNNNNNNNNNN,,,,,EST,Y,C,YNNNNNNN,,,,57.1,,,459832500
USGS,254841080164401,G  - 571,GW,254842.7,0801643.3,25.8118611,-80.2786944,G,1,NAD83,NAD83,122,12,086,US,SENWSES19 T53S  R41E  T,HIALEAH,  24000, 6.00,U, .1,NGVD29,03090202,21,F,NNNNNNNNNNNNNNNNNNNNNNNNNNNNNN,,19480310,,,EST,Y,C,YYNYNYNN,N400BISCYN,112BSCNN,U,94.5,,O,2080-00200
USGS,254842080134301,G  -3227,GW,254842,0801343,25.81204224,-80.2283822,M,S,NAD27,NAD83,122,12,086,US,NESWSES22 T53S  R41E  T,MIAMI,  24000,,,,,03090202,21,F,NNNNNNNNNNNNNNNNNNNNNNNNNNNNNN,19790824,19790824,,,EST,Y,C,YYNNNNNN,N400BISCYN,112BSCNS,U,95,,D,459804100
USGS,254842080161502,G  - 355,GW,254842,0801615,25.81204235,-80.2706057,M,S,NAD27,NAD83,122,12,086,US,SWSWSES20 T53S  R41E  T,HIALEAH, 24000, 4.29,L,.1,NGVD29,03090202,21,F,NNNNNNNNNNNNNNNNNNNNNNNNNNNNNN,19440801,19440801,,,EST,Y,C,YYNYNYNN,N400BISCYN,112BSCNN,U,82.9,,O,459800200
USGS,254842080164101,F  -  10,GW,254842,0801641,25.81204238,-80.27782809,M,U,NAD27,NAD83,122,12,086,US,      S   T     R,,, 8.57,U,.01,NGVD29,03090202,21,,NNNNNNNNNNNNNNNNNNNNNNNNNNNNNN,,,,,EST,Y,C,YYNNNYNN,N400BISCYN,112BSCNN,,80.7,,,459832500
USGS,254843080112801,S  - 137,GW,254843,0801128,25.81231993,-80.1908809,M,U,NAD27,NAD83,122,12,086,US,      S   T     R,,,,,,,03090202,21,,NNNNNNNNNNNNNNNNNNNNNNNNNNNNNN,,,,,EST,Y,C,YYNNNNNN,,,,43,,,459832500
USGS,254844080160601,S  - 451,GW,254844,0801606,25.81259788,-80.2681056,M,U,NAD27,NAD83,122,12,086,US,      S   T     R,,,,,,,03090202,21,,NNNNNNNNNNNNNNNNNNNNNNNNNNNNNN,,,,,EST,Y,C,YNNNNNNN,,,,35,,,459832500
USGS,254845080161201,S  - 436,GW,254845,0801612,25.81287565,-80.2697723,M,U,NAD27,NAD83,122,12,086,US,,,,,,,,03090202,21,,NNNNNNNNNNNNNNNNNNNNNNNNNNNNNN,,,,,EST,Y,C,NNNNNNNN,,,,80,,,
USGS,254845080162501,F  -   7,GW,254845,0801625,25.81287567,-80.2733835,M,U,NAD27,NAD83,122,12,086,US,      S19 T53S  R41E  S,"HIALEAH, FL",  24000, 5,N,4.3,NAVD88,03090206,21,,NNNNNNNNNNNNNNNNNNNNNNNNNNNNNN,,,,,EST,Y,C,YYNNNYNN,,,,54.8,,,459832500
USGS,254846080211301,G  - 273,GW,254846,0802113,25.81315369,-80.3533857,M,U,NAD27,NAD83,122,12,086,US,      S   T     R,,,,,,,03090202,21,,NNNNNNNNNNNNNNNNNNNNNNNNNNNNNN,,,,,EST,Y,C,YYNNNNNN,,,,5.5,,,459832500
USGS,254847080160801,S  - 431,GW,254847,0801608,25.81343119,-80.2686612,M,U,NAD27,NAD83,122,12,086,US,      S   T     R,,,,,,,03090202,21,,NNNNNNNNNNNNNNNNNNNNNNNNNNNNNN,,,,,EST,Y,C,YNNNNNNN,,,,20,,,459832500
USGS,254847080161301,S  - 435,GW,254847,0801613,25.81343119,-80.2700501,M,U,NAD27,NAD83,122,12,086,US,      S   T     R,,,,,,,03090202,21,,NNNNNNNNNNNNNNNNNNNNNNNNNNNNNN,,,,,EST,Y,C,YNNNNNNN,,,,48,,,459832500
USGS,254847080194701,G  - 272,GW,254847,0801947,25.81343138,-80.3294961,M,U,NAD27,NAD83,122,12,086,US,      S   T     R,,,,,,,03090202,21,,NNNNNNNNNNNNNNNNNNNNNNNNNNNNNN,,,,,EST,Y,C,YYNNNNNN,,,,5.5,,,459832500
USGS,254848080175001,WELL 7 MIAMI FL,GW,254848,0801750,25.81370904,-80.2969953,M,U,NAD27,NAD83,122,12,086,US,      S   T     R,,,,,,,03090202,21,,NNNNNNNNNNNNNNNNNNNNNNNNNNNNNN,,,,,EST,Y,C,NNNNNNNN,,,,,,,
USGS,254849080154802,G  - 576,GW,254849,0801548,25.8139867,-80.2631055,M,S,NAD27,NAD83,122,12,086,US,  NWSES20 T53S  R41E  T,HIALEAH,  24000, 6.44,U,.01,NGVD29,03090202,21,F,NNNNNNNNNNNNNNNNNNNNNNNNNNNNNN,,19480514,,,EST,Y,C,YYNYNYNN,N400BISCYN,112BSCNN,U,97.3,,O,459800200
USGS,254849080161301,S  - 433,GW,254849,0801613,25.81398673,-80.2700501,M,U,NAD27,NAD83,122,12,086,US,,,,,,,,03090202,21,,NNNNNNNNNNNNNNNNNNNNNNNNNNNNNN,,,,,EST,Y,C,YNNNNNNN,,,,51,,,459832500
USGS,254849080161601,G  - 194,GW,254849,0801616,25.81398673,-80.2708835,M,U,NAD27,NAD83,122,12,086,US,      S   T     R,,, 5.18,U,.01,NGVD29,03090202,21,F,NNNNNNNNNNNNNNNNNNNNNNNNNNNNNN,19410108,,,,EST,Y,C,YYNNNNNN,,,,52,,L,459832500
USGS,254850080164201,F  -  11,GW,254850,0801642,25.8142645,-80.2781059,M,U,NAD27,NAD83,122,12,086,US,      S19 T53S  R41E  S,"HIALEAH, FL",  24000, 5,N,4.3,NAVD88,03090206,21,,NNNNNNNNNNNNNNNNNNNNNNNNNNNNNN,,,,,EST,Y,C,YYNYNYNN,N400BISCYN,112BSCNN,,59.3,,,459832500
USGS,254850080174801,F  -  15,GW,254850,0801748,25.81426458,-80.29643969,M,U,NAD27,NAD83,122,12,086,US,      S   T     R,"HIALEAH, FL",  24000, 6,N,4.3,NAVD88,03090202,21,,NNNNNNNNNNNNNNNNNNNNNNNNNNNNNN,,,,,EST,Y,C,YYNYNYNN,N400BISCYN,112BSCNN,,73.1,,,459832500
USGS,254851080151101,G  -1353,GW,254851,0801511,25.8145422,-80.2528274,M,S,NAD27,NAD83,122,12,086,US,,,, 8.00,M,5.,NGVD29,03090202,21,T,NNNNNNNNNNNNNNNNNNNNNNNNNNNNNN,19680101,,,,EST,Y,C,YYNYNYNN,,,,103,,,459832500
USGS,254852080161901,S  - 437,GW,254852,0801619,25.81482004,-80.2717168,M,U,NAD27,NAD83,122,12,086,US,      S   T     R,,,,,,,03090202,21,,NNNNNNNNNNNNNNNNNNNNNNNNNNNNNN,,,,,EST,Y,C,YNNNNNNN,,,,40,,,459832500
USGS,254853080174202,S  -   6,GW,254853,0801742,25.81509788,-80.294773,M,U,NAD27,NAD83,122,12,086,US,,,,,,,,03090202,21,,NNNNNNNNNNNNNNNNNNNNNNNNNNNNNN,19240101,,,,EST,Y,C,YYNNNNNN,,,,55,,,459832500
USGS,254854080134001,F  -  97,GW,254854,0801340,25.81537545,-80.22754878,M,U,NAD27,NAD83,122,12,086,US,,,,,,,,03090202,21,,NNNNNNNNNNNNNNNNNNNNNNNNNNNNNN,,,,,EST,Y,C,NNNNNNNN,,,,,,,
USGS,254855080125001,F  -   5,GW,254855,0801636,25.81565335,-80.2764391,M,S,NAD27,NAD83,122,12,086,US,      S19 T53S  R41E  S,"HIALEAH, FL",  24000, 4,N,4.3,NAVD88,03090206,21,F,NNNNNNNNNNNNNNNNNNNNNNNNNNNNNN,19390301,19391103,,,EST,Y,C,YYNNNYNN,N400BISCYN,112BSCNN,U,53,,S,459800200
USGS,254855080163701,G  - 548,GW,254855.9,0801636.4,25.81552778,-80.2767778,G,1,NAD83,NAD83,122,12,086,US,NESESWS19 T53S  R41E  T,HIALEAH,  24000, 6.4,L, .1,NGVD29,03090202,21,F,NNNNNNNNNNNNNNNNNNNNNNNNNNNNNN,19470620,19470620,,,EST,Y,C,YYNYNYNN,N400BISCYN,112BSCNN,U,97.3,,O,2080-00200
USGS,254856080162401,G  - 195,GW,254856,0801624,25.8159311,-80.2731057,M,U,NAD27,NAD83,122,12,086,US,      S   T     R,,, 5.18,U,.01,NGVD29,03090202,21,,NNNNNNNNNNNNNNNNNNNNNNNNNNNNNN,,,,,EST,Y,C,YYNNNNNN,,,,94.7,,,459832500
USGS,254856080173301,WELL 5 MIAMI FL,GW,254856,0801733,25.81593117,-80.2922729,M,U,NAD27,NAD83,122,12,086,US,      S   T     R,,,,,,,03090202,21,,NNNNNNNNNNNNNNNNNNNNNNNNNNNNNN,,,,,EST,Y,C,NNNNNNNN,,,,,,,
USGS,254857080171101,S  -  68,GW,254858.5,0801710.3,25.81625,-80.2861944,G,1,NAD83,NAD83,122,12,086,US,  NWSWS19 T53S  R41E  T,,, 6.2,L, .1,NGVD29,03090202,21,F,NNNNNNNNNNNNNNNNNNNNNNNNNNNNNN,19230101,,,,EST,Y,C,YYNYNYNN,N400BISCYN,112BSCNN,,61,,,2080-00200
USGS,254857080171102,S  -  68A,GW,254857,0801711,25.8162089,-80.2861616,M,U,NAD27,NAD83,122,12,086,US,      S   T     R,,,,,,,03090202,21,,NNNNNNNNNNNNNNNNNNNNNNNNNNNNNN,,,,,EST,Y,C,NYNYNNNN,N400BISCYN,112BSCNN,,,,,459832500
USGS,254859080162501,S  - 434,GW,254859,0801625,25.8167644,-80.2733835,M,U,NAD27,NAD83,122,12,086,US,      S   T     R,,,,,,,03090202,21,,NNNNNNNNNNNNNNNNNNNNNNNNNNNNNN,,,,,EST,Y,C,YNNNNNNN,,,,62,,,459832500
USGS,254900080162401,F  -   3,GW,254900,0801645,25.8170422,-80.2789392,M,U,NAD27,NAD83,122,12,086,US,      S19 T53S  R41E  S,"HIALEAH, FL",  24000, 4,N,4.3,NAVD88,03090206,21,,NNNNNNNNNNNNNNNNNNNNNNNNNNNNNN,,,,,EST,Y,C,YYNNNYNN,,,,48.2,,,459832500
USGS,254900080171001,"MIAMI, FLA",GW,254900,0801710,25.8170422,-80.2858838,M,U,NAD27,NAD83,122,12,086,US,      S   T     R,,,,,,,03090202,21,,NNNNNNNNNNNNNNNNNNNNNNNNNNNNNN,,,,,EST,Y,C,NNNNNNNN,,,,,,,
USGS,254902080170701,G  - 182,GW,254902,0801707,25.81759776,-80.28505048,M,U,NAD27,NAD83,122,12,086,US,      S   T     R,,, 6.05,U,.01,NGVD29,03090202,21,,NNNNNNNNNNNNNNNNNNNNNNNNNNNNNN,,,,,EST,Y,C,YYNNNNNN,,,,301,,,459832500
USGS,254903080160901,F  - 237,GW,254903,0801609,25.81787547,-80.2689389,M,S,NAD27,NAD83,122,12,086,US,      S20 T53S  R41E  S,"HIALEAH, FL",  24000, 4,N,4.3,NAVD88,03090206,21,F,NNNNNNNNNNNNNNNNNNNNNNNNNNNNNN,,19391124,,,EST,Y,C,YYNNNYNN,N400BISCYN,112BSCNN,U,55.4,,S,459800200
USGS,254903080160902,F  - 237A,GW,254903,0801609,25.81787547,-80.2689389,M,S,NAD27,NAD83,122,12,086,US,NWSESWS20 T53S  R41E  T,"HIALEAH, FL",  24000, 4,N,4.3,NAVD88,03090202,21,F,NNNNNNNNNNNNNNNNNNNNNNNNNNNNNN,19750701,19750701,,,EST,Y,C,YYNYNYNN,N400BISCYN,112BSCNN,U,107,,S,459800200
USGS,254908080125201,G  -3603,GW,254910.1,0801249.8,25.8194722,-80.2138333,G,1,NAD83,NAD83,122,12,086,US,NESWNES23 T53S  R41E  T,,, 10.2,U, .1,NGVD29,03090202,21,F,NNNNNNNNNNNNNNNNNNNNNNNNNNNNNN,19950914,19960117,,,EST,Y,C,YYNNNYNN,N400BISCYN,112BSCNN,U,169,170,D,2080-00200
USGS,254908080163701,F  - 394,GW,254908,0801637,25.81926434,-80.2767169,M,U,NAD27,NAD83,122,12,086,US,      S   T     R,,,,,,,03090202,21,,NNNNNNNNNNNNNNNNNNNNNNNNNNNNNN,,,,,EST,Y,C,YYNNNNNN,,,,80.9,,,459832500
USGS,254909080134101,F  -  98,GW,254909,0801341,25.81954197,-80.2278266,M,U,NAD27,NAD83,122,12,086,US,,,,,,,,03090202,21,,NNNNNNNNNNNNNNNNNNNNNNNNNNNNNN,,,,,EST,Y,C,YNNNNNNN,,,,62.6,,,459832500
USGS,254910080171801,F  -  12,GW,254910,0801718,25.8198199,-80.2881061,M,U,NAD27,NAD83,122,12,086,US,      S   T     R,"HIALEAH, FL",  24000, 3,N,4.3,NAVD88,03090202,21,,NNNNNNNNNNNNNNNNNNNNNNNNNNNNNN,,,,,EST,Y,C,YYNYNYNN,N400BISCYN,112BSCNN,,56.9,,,459832500
USGS,254912080164501,F  -   2,GW,254912,0801645,25.8203754,-80.2789392,M,U,NAD27,NAD83,122,12,086,US,      S19 T53S  R41E  S,"HIALEAH, FL",  24000, 3,N,4.3,NAVD88,03090206,21,,NNNNNNNNNNNNNNNNNNNNNNNNNNNNNN,19390301,,,,EST,Y,C,YYNYNYNN,N400BISCYN,112BSCNN,,73.4,77,,459832500
USGS,254912080164502,F  -   2A,GW,254912,0801645,25.8203754,-80.2789392,M,S,NAD27,NAD83,122,12,086,US,      S   T     R,"HIALEAH, FL",  24000, 3,N,4.3,NAVD88,03090202,21,F,NNNNNNNNNNNNNNNNNNNNNNNNNNNNNN,19720101,19720101,,,EST,Y,C,YYNNNYNN,N400BISCYN,112BSCNN,U,90,,O,459800200
USGS,254912080172701,F  -  13,GW,254907,0801737,25.8189866,-80.293384,M,U,NAD27,NAD83,122,12,086,US,      S24 T53S  R40E  S,"HIALEAH, FL",  24000, 5,N,4.3,NAVD88,03090206,21,,NNNNNNNNNNNNNNNNNNNNNNNNNNNNNN,,,,,EST,Y,C,YYNYNYNN,N400BISCYN,112BSCNN,,73.3,,,459832500
USGS,254923080113701,F  - 204,GW,254923,0801137,25.82343065,-80.1933809,M,U,NAD27,NAD83,122,12,086,US,      S   T     R,,,,,,,03090202,21,,NNNNNNNNNNNNNNNNNNNNNNNNNNNNNN,,,,,EST,Y,C,YNNNNNNN,,,,73.5,,,459832500
USGS,254923080120201,G  -3226,GW,254923,0801202,25.82343066,-80.2003256,M,S,NAD27,NAD83,122,12,086,US,      S24 T53S  R41E  S,"MIAMI, FL",  24000, 10,N,4.3,NAVD88,03090206,21,F,NNNNNNNNNNNNNNNNNNNNNNNNNNNNNN,19791029,19791115,,,EST,Y,C,YYNNNYNN,N400BISCYN,112BSCNN,U,111,,D,2080-00200
USGS,254925080124101,F  -  43,GW,254925,0801241,25.8239862,-80.2111593,M,U,NAD27,NAD83,122,12,086,US,      S   T     R,,,,,,,03090202,21,,NNNNNNNNNNNNNNNNNNNNNNNNNNNNNN,,,,,EST,Y,C,YNNNNNNN,,,,62.4,,,459832500
USGS,254925080125001,F  -  31,GW,254925,0801250,25.8239862,-80.21365939,M,U,NAD27,NAD83,122,12,086,US,      S   T     R,,,,,,,03090202,21,,NNNNNNNNNNNNNNNNNNNNNNNNNNNNNN,,,,,EST,Y,C,YNNNNNNN,,,,54.2,,,459832500
USGS,254930080163801,F  - 263,GW,254930,0801638,25.82537523,-80.27699468,M,U,NAD27,NAD83,122,12,086,US,      S   T     R,,,,,,,03090202,21,,NNNNNNNNNNNNNNNNNNNNNNNNNNNNNN,,,,,EST,Y,C,YYNNNNNN,,,,102,,,459832500
USGS,254933080164501,F  - 268,GW,254933,0801645,25.82620854,-80.2789392,M,U,NAD27,NAD83,122,12,086,US,,,,,,,,03090202,21,,NNNNNNNNNNNNNNNNNNNNNNNNNNNNNN,,,,,EST,Y,C,YYNNNNNN,,,,54.6,,,459832500
USGS,254935080012501,F  - 203,GW,254917,0801146,25.82176404,-80.195881,M,S,NAD27,NAD83,122,12,086,US,      S   T     R,,,,,,,03090202,21,,NNNNNNNNNNNNNNNNNNNNNNNNNNNNNN,,,,,EST,Y,C,YNNNNNNN,,,,120,,,459832500
USGS,254935080123001,F  -  50,GW,254935,0801230,25.82676389,-80.2081036,M,U,NAD27,NAD83,122,12,086,US,      S   T     R,,,,,,,03090202,21,,NNNNNNNNNNNNNNNNNNNNNNNNNNNNNN,,,,,EST,Y,C,YNNNNNNN,,,,85.3,,,459832500
USGS,254935080201701,G  - 224,GW,254934,0802017,25.82648649,-80.3378296,M,S,NAD27,NAD83,122,12,086,US,    NWS22 T53S  R40E  T,,, 6.21,U,.01,NGVD29,03090202,21,F,NNNNNNNNNNNNNNNNNNNNNNNNNNNNNN,19420311,,,,EST,Y,C,YYNNNNNN,,,,105,,S,459800200
USGS,254936080173601,S  -  17,GW,254936,0801736,25.82704188,-80.2931062,M,U,NAD27,NAD83,122,12,086,US,      S   T     R,,,,,,,03090202,21,,NNNNNNNNNNNNNNNNNNNNNNNNNNNNNN,19360101,,,,EST,Y,C,YYYNNNNN,,,,87,,,459832500
USGS,254937080231301,G  -3104,GW,254937,0802313,25.82731994,-80.3867198,M,U,NAD27,NAD83,122,12,086,US,      S   T     R,,,,,,,03090202,21,,NNNNNNNNNNNNNNNNNNNNNNNNNNNNNN,19760101,,,,EST,Y,C,YYNNNNNN,,,,40,,,459832500
USGS,254938080170902,S  -  11,GW,254939.86,0801708.47,25.82773889,-80.2856861,N,H,NAD83,NAD83,122,12,086,US,      S18 T53S  R41E  S,"HIALEAH, FL",  24000, 3,N,4.3,NAVD88,03090206,21,F,NNNNNNNNNNNNNNNNNNNNNNNNNNNNNN,,,,,EST,Y,C,YYNNNNNN,N400BISCYN,112BSCNN,,91,,,459832500
USGS,254939080074001,S  - 160,GW,254939,0800740,25.82787478,-80.1275453,M,U,NAD27,NAD83,122,12,086,US,      S15 T53S  R42E  T,MIAMI,24000, 5.00,U, .1,NGVD29,03090202,21,L,NNNNNNNNNNNNNNNNNNNNNNNNNNNNNN,,,,,EST,Y,C,YYNNNNNN,,,,1000,,,459831200
USGS,254939080165301,F  - 269,GW,254939,0801653,25.82787515,-80.2811615,M,U,NAD27,NAD83,122,12,086,US,,,,,,,,03090202,21,,NNNNNNNNNNNNNNNNNNNNNNNNNNNNNN,,,,,EST,Y,C,YYNNNNNN,,,,47.8,,,459832500
USGS,254939080170901,MIAMI DADE HIALEAH WTP SPIGOT,GW,254939.4,0801709.0,25.8276111,-80.2858333,G,S,NAD83,NAD83,122,12,086,US,,,,,,,,03090206,,F,NNNNNNNNNNNNNNNNNNNNNNNNNNNNNN,,20091104,,,EST,Y,C,,N400BISCYN,112BSCNN,U,,,,
USGS,254940080115701,F  -  32,GW,254940,0801157,25.8281527,-80.1989367,M,U,NAD27,NAD83,122,12,086,US,      S   T     R,,,,,,,03090202,21,,NNNNNNNNNNNNNNNNNNNNNNNNNNNNNN,,,,,EST,Y,C,YNNNNNNN,,,,70.1,,,459832500
USGS,254940080152801,G  -1353A,GW,254940,0801528,25.82815285,-80.2575497,M,U,NAD27,NAD83,122,12,086,US,      S   T     R,,,,,,,03090202,21,,NNNNNNNNNNNNNNNNNNNNNNNNNNNNNN,,,,,EST,Y,C,NYNYNNNN,N400BISCYN,112BSCNN,,,,,459832500
USGS,254940080172001,G  -1282,GW,254941.0,0801718.6,25.82805556,-80.2885,G,1,NAD83,NAD83,122,12,086,US,SWNWSWS18 T53S  R41E  T,,, 6.3,L, .1,NGVD29,03090202,21,T,NNNNNNNNNNNNNNNNNNNNNNNNNNNNNN,,,,,EST,Y,C,YYNYNYNN,N400BISCYN,112BSCNN,,84,,,2080-00200
USGS,254940080172002,G  -1283,GW,254940,0801720,25.82815294,-80.2886617,M,F,NAD27,NAD83,122,12,086,US,SWNWSWS18 T53S  R41E  T,,, 6.58,L,0.1,NGVD29,03090202,21,T,NNNNNNNNNNNNNNNNNNNNNNNNNNNNNN,,,,,EST,Y,C,YYNYNYNN,N400BISCYN,112BSCNN,,24,,,459832500
USGS,254940080172003,G  -3002A,GW,254940,0801720,25.82815294,-80.2886617,M,F,NAD27,NAD83,122,12,086,US,SWNWNWS18 T53S  R41E  T,,, 1.00,L,1.,NGVD29,03090202,21,C,NNNNNNNNNNNNNNNNNNNNNNNNNNNNNN,19720101,,,,EST,Y,C,YYNNNYNN,,,,12.5,,,459832500
USGS,254940080172004,G  -3002B,GW,254940,0801720,25.82815294,-80.2886617,M,F,NAD27,NAD83,122,12,086,US,SWNWNWS18 T53S  R41E  T,,, 1.00,L,1.,NGVD29,03090202,21,C,NNNNNNNNNNNNNNNNNNNNNNNNNNNNNN,19720101,,,,EST,Y,C,YYNNNYNN,,,,22,,,459832500
USGS,254940080172005,G  -3002C,GW,254940,0801720,25.82815294,-80.2886617,M,F,NAD27,NAD83,122,12,086,US,SWNWNWS18 T53S  R41E  T,,, 1.00,L,1.,NGVD29,03090202,21,,NNNNNNNNNNNNNNNNNNNNNNNNNNNNNN,19720101,,,,EST,Y,C,YYNNNYNN,,,,32.5,,,459832500
USGS,254940080172006,G  -3002D,GW,254940,0801720,25.82815294,-80.2886617,M,F,NAD27,NAD83,122,12,086,US,SWNWNWS18 T53S  R41E  T,"HIALEAH, FL",  24000, 3,N,4.3,NAVD88,03090202,21,C,NNNNNNNNNNNNNNNNNNNNNNNNNNNNNN,19720101,,,,EST,Y,C,YYNYNYNN,,,,15,,,459832500
USGS,254940080172007,G  -3021,GW,254940,0801720,25.82815294,-80.2886617,M,F,NAD27,NAD83,122,12,086,US,SWNWNWS18 T53S  R41E  T,"HIALEAH, FL",  24000, 3,N,4.3,NAVD88,03090202,21,F,NNNNNNNNNNNNNNNNNNNNNNNNNNNNNN,19720101,,,,EST,Y,C,YYNYNYNN,,,,37.6,,,459832500
USGS,254941080171701,G  -3061,GW,254941,0801717,25.8284307,-80.2878283,M,U,NAD27,NAD83,122,12,086,US,      S18 T53S  R41E  T,HIALEAH,  24000, 8.40,U, .1,NGVD29,03090202,21,,NNNNNNNNNNNNNNNNNNNNNNNNNNNNNN,,,,,EST,Y,C,YYNNNYNN,S400FLORDN,120FLRD,,1105,,,459831200
USGS,254941080172001,G  -3000A,GW,254941,0801720,25.8284307,-80.2886617,M,F,NAD27,NAD83,122,12,086,US,SWNWNWS18 T53S  R41E  T,,, 7.22,L,1.,NGVD29,03090202,21,F,NNNNNNNNNNNNNNNNNNNNNNNNNNNNNN,19720101,,,,EST,Y,C,YYNNNYNN,,,,17.5,,,459832500
USGS,254941080172003,G  -3000C,GW,254941,0801720,25.8284307,-80.2886617,M,F,NAD27,NAD83,122,12,086,US,SWNWNWS18 T53S  R41E  T,,, 7.27,L,1.,NGVD29,03090202,21,F,NNNNNNNNNNNNNNNNNNNNNNNNNNNNNN,19720101,,,,EST,Y,C,YYNNNYNN,,,,27.5,,,459832500
USGS,254941080172004,G  -3000D,GW,254941,0801720,25.8284307,-80.2886617,M,F,NAD27,NAD83,122,12,086,US,SWNWNWS18 T53S  R41E  T,,, 7.05,L,1.,NGVD29,03090202,21,F,NNNNNNNNNNNNNNNNNNNNNNNNNNNNNN,19720101,,,,EST,Y,C,YYNNNYNN,,,,42,,,459832500
USGS,254941080172005,G  -3001A,GW,254941,0801720,25.8284307,-80.2886617,M,F,NAD27,NAD83,122,12,086,US,SWNWNWS18 T53S  R41E  T,,, 2.00,L,1.,NGVD29,03090202,21,C,NNNNNNNNNNNNNNNNNNNNNNNNNNNNNN,19720101,,,,EST,Y,C,YYNNNYNN,,,,6,,,459832500
USGS,254941080172006,G  -3001B,GW,254941,0801720,25.8284307,-80.2886617,M,F,NAD27,NAD83,122,12,086,US,SWNWNWS18 T53S  R41E  T,,, 2.00,L,1.,NGVD29,03090202,21,C,NNNNNNNNNNNNNNNNNNNNNNNNNNNNNN,19720101,,,,EST,Y,C,YYNNNYNN,,,,20,,,459832500
USGS,254941080172007,G  -3001C,GW,254941,0801720,25.8284307,-80.2886617,M,F,NAD27,NAD83,122,12,086,US,SWNWNWS18 T53S  R41E  T,,, 2.00,L,1.,NGVD29,03090202,21,C,NNNNNNNNNNNNNNNNNNNNNNNNNNNNNN,19720101,,,,EST,Y,C,YYNNNYNN,,,,14,,,459832500
USGS,254941080172008,G  -3001D,GW,254941,0801720,25.8284307,-80.2886617,M,F,NAD27,NAD83,122,12,086,US,SWNWNWS18 T53S  R41E  T,"HIALEAH, FL",  24000, 3,N,4.3,NAVD88,03090202,21,C,NNNNNNNNNNNNNNNNNNNNNNNNNNNNNN,19720101,,,,EST,Y,C,YYNYNYNN,,,,28,,,459832500
USGS,254941080172009,G  -3022,GW,254941,0801720,25.8284307,-80.2886617,M,F,NAD27,NAD83,122,12,086,US,SWNWNWS18 T53S  R41E  T,"HIALEAH, FL",  24000, 3,N,4.3,NAVD88,03090202,21,C,NNNNNNNNNNNNNNNNNNNNNNNNNNNNNN,19720101,,,,EST,Y,C,YYNYNYNN,,,,16.5,,,459832500
USGS,254942080112601,F  - 219,GW,254942,0801126,25.82870823,-80.1903252,M,U,NAD27,NAD83,122,12,086,US,      S   T     R,,,,,,,03090202,21,,NNNNNNNNNNNNNNNNNNNNNNNNNNNNNN,,,,,EST,Y,C,YYNNNNNN,,,,90.4,,,459832500
USGS,254942080114601,F  - 205,GW,254942,0801146,25.82870824,-80.19588099,M,U,NAD27,NAD83,122,12,086,US,      S   T     R,,,,,,,03090202,21,,NNNNNNNNNNNNNNNNNNNNNNNNNNNNNN,,,,,EST,Y,C,YYNNNNNN,,,,50.3,,,459832500
USGS,254942080170901,VS- 12  HIALEAH,GW,254942,0801709,25.82870847,-80.285606,M,U,NAD27,NAD83,122,12,086,US,      S   T     R,,,,,,,03090202,21,,NNNNNNNNNNNNNNNNNNNNNNNNNNNNNN,,,,,EST,Y,C,NNNNNNNN,,,,,,,
USGS,254943080121501,F  -  45,GW,254943.82,0801214.96,25.82883889,-80.2041556,N,1,NAD83,NAD83,122,12,086,US,  NESWS13 T53S  R41E  T,MIAMI,  24000, 9.8,L, .1,NGVD29,03090202,21,F,YNNNNNNNNNNNNNNNNNNNNNNNNNNNNN,,19390101,,,EST,Y,C,YYNYNYNN,N400BISCYN,112BSCNN,U,84.9,,S,2080-00200
USGS,254944080171801,G  -3062,GW,254944,0801718,25.829264,-80.288106,M,U,NAD27,NAD83,122,12,086,US,      S18 T53S  R41E  T,HIALEAH,24000, 5.43,U,.01,NGVD29,03090202,21,,NNNNNNNNNNNNNNNNNNNNNNNNNNNNNN,,19910214,,,EST,Y,C,YYNNNNNN,S400FLORDN,120FLRD,,1064,,,459831200
USGS,254946080172601,G  -3250,GW,254946.8,0801726.2,25.82966667,-80.2906111,G,1,NAD83,NAD83,122,12,086,US,NESESES13 T53S  R40E  T,HIALEAH,  24000, 5.7,U, .1,NGVD29,03090202,21,F,NNNNNNNNNNNNNNNNNNNNNNNNNNNNNN,,,,,EST,Y,C,YYNNNYNN,N400BISCYN,112BSCNN,,116,260,,2080-00200
USGS,254947080112101,F  - 224,GW,254947,0801121,25.83009706,-80.1889363,M,U,NAD27,NAD83,122,12,086,US,      S   T     R,,,,,,,03090202,21,,NNNNNNNNNNNNNNNNNNNNNNNNNNNNNN,,,,,EST,Y,C,NNNNNNNN,,,,,,,459832500
USGS,254948080111301,F  - 227,GW,254948,0801113,25.8303748,-80.186714,M,U,NAD27,NAD83,122,12,086,US,      S   T     R,,,,,,,03090202,21,,NNNNNNNNNNNNNNNNNNNNNNNNNNNNNN,,,,,EST,Y,C,YNNNNNNN,,,,92.6,,,459832500
USGS,254948080212301,G  -3030,GW,254948,0802123,25.83037529,-80.3561634,M,F,NAD27,NAD83,122,12,086,US,SESENWS17 T53S  R40E  T,,, 5.45,L,.1,NGVD29,03090202,21,F,NNNNNNNNNNNNNNNNNNNNNNNNNNNNNN,,,,,EST,Y,C,YYNNNYNN,,,,11,,,459832500
USGS,254948080212302,G  -3031,GW,254948,0802123,25.83037529,-80.3561634,M,F,NAD27,NAD83,122,12,086,US,SESENWS17 T53S  R40E  T,,, 5.45,L,.1,NGVD29,03090202,21,F,NNNNNNNNNNNNNNNNNNNNNNNNNNNNNN,19730101,,,,EST,Y,C,YYNNNYNN,,,,21,,,459832500
USGS,254948080212303,G  -3032,GW,254948,0802123,25.83037529,-80.3561634,M,F,NAD27,NAD83,122,12,086,US,SESENWS17 T53S  R40E  T,,, 5.45,L,.1,NGVD29,03090202,21,F,NNNNNNNNNNNNNNNNNNNNNNNNNNNNNN,19730101,,,,EST,Y,C,YYNNNYNN,,,,31,,,459832500
USGS,254948080212304,G  -3033,GW,254948,0802123,25.83037529,-80.3561634,M,F,NAD27,NAD83,122,12,086,US,SESENWS17 T53S  R40E  T,,, 5.45,L,.1,NGVD29,03090202,21,F,NNNNNNNNNNNNNNNNNNNNNNNNNNNNNN,19730101,,,,EST,Y,C,YYNNNYNN,,,,41,,,459832500
USGS,254948080212305,G  -3034,GW,254948,0802123,25.83037529,-80.3561634,M,F,NAD27,NAD83,122,12,086,US,SESENWS17 T53S  R40E  T,,, 5.45,L, .1,NGVD29,03090202,21,F,NNNNNNNNNNNNNNNNNNNNNNNNNNNNNN,19730101,,,,EST,Y,C,YYNYNYNN,,,,61,,,459832500
USGS,254948080221301,G  -3025,GW,254948,0802213,25.83037533,-80.3700527,M,F,NAD27,NAD83,122,12,086,US,SWNWSWS17 T53S  R40E  T,,, 6.00,L,.1,NGVD29,03090202,21,F,NNNNNNNNNNNNNNNNNNNNNNNNNNNNNN,19730101,,,,EST,Y,C,YYNNNYNN,,,,5.6,,,459832500
USGS,254948080221302,G  -3026,GW,254948,0802213,25.83037533,-80.3700527,M,F,NAD27,NAD83,122,12,086,US,SWNWSWS17 T53S  R40E  T,,, 5.60,L, .1,NGVD29,03090202,21,F,NNNNNNNNNNNNNNNNNNNNNNNNNNNNNN,19730101,,,,EST,Y,C,YYNNNYNN,,,,61,,,459832500
USGS,254948080221303,G  -3027,GW,254948,0802213,25.83037533,-80.3700527,M,F,NAD27,NAD83,122,12,086,US,SWNWSWS17 T53S  R40E  T,,, 5.61,L,.1,NGVD29,03090202,21,F,NNNNNNNNNNNNNNNNNNNNNNNNNNNNNN,19730101,,,,EST,Y,C,YYNNNYNN,,,,11,,,459832500
USGS,254948080221304,G  -3028,GW,254948,0802213,25.83037533,-80.3700527,M,F,NAD27,NAD83,122,12,086,US,SWNWSWS17 T53S  R40E  T,,, 5.61,L, .1,NGVD29,03090202,21,F,NNNNNNNNNNNNNNNNNNNNNNNNNNNNNN,19730101,,,,EST,Y,C,YYNNNYNN,,,,31,,,459832500
USGS,254948080221305,G  -3029,GW,254948,0802213,25.83037533,-80.3700527,M,F,NAD27,NAD83,122,12,086,US,SWNWSWS17 T53S  R40E  T,,, 5.61,L,.1,NGVD29,03090202,21,F,NNNNNNNNNNNNNNNNNNNNNNNNNNNNNN,19730101,,,,EST,Y,C,YYNNNYNN,,,,41,,,459832500
USGS,254950080113501,F  - 210,GW,254950,0801135,25.83093037,-80.1928253,M,U,NAD27,NAD83,122,12,086,US,      S   T     R,,, 12.67,U,.01,NGVD29,03090202,21,,NNNNNNNNNNNNNNNNNNNNNNNNNNNNNN,,,,,EST,Y,C,YYNNNNNN,,,,112,,,459832500
USGS,254950080171201,G  -1368,GW,254950,0801712,25.8309306,-80.2864394,M,F,NAD27,NAD83,122,12,086,US,NWSESWS18 T53S  R41E  T,"HIALEAH, FL",  24000, 3,N,4.3,NAVD88,03090202,21,T,NNNNNNNNNNNNNNNNNNNNNNNNNNNNNN,19690101,,,,EST,Y,C,YYNYNYNN,,,,39,,,459832500
USGS,254950080195001,G  -3050,GW,254950,0801950,25.83093075,-80.3303294,M,F,NAD27,NAD83,122,12,086,US,SWNESES15 T53S  R40E  T,,, 5.10,L,.1,NGVD29,03090202,21,F,NNNNNNNNNNNNNNNNNNNNNNNNNNNNNN,19730101,,,,EST,Y,C,YYNYNYNN,,,,11,,,459832500
USGS,254950080195002,G  -3051,GW,254950,0801950,25.83093075,-80.3303294,M,F,NAD27,NAD83,122,12,086,US,SWNESES15 T53S  R40E  T,,, 5.10,L,.1,NGVD29,03090202,21,F,NNNNNNNNNNNNNNNNNNNNNNNNNNNNNN,19730101,,,,EST,Y,C,YYNYNYNN,,,,21,,,459832500
USGS,254950080195003,G  -3052,GW,254950,0801950,25.83093075,-80.3303294,M,F,NAD27,NAD83,122,12,086,US,SWNESES15 T53S  R40E  T,,, 5.10,L,.1,NGVD29,03090202,21,F,NNNNNNNNNNNNNNNNNNNNNNNNNNNNNN,19730101,,,,EST,Y,C,YYNNNYNN,,,,31,,,459832500
USGS,254950080195004,G  -3053,GW,254950,0801950,25.83093075,-80.3303294,M,F,NAD27,NAD83,122,12,086,US,SWNESES15 T53S  R40E  T,,, 5.10,L,.1,NGVD29,03090202,21,F,NNNNNNNNNNNNNNNNNNNNNNNNNNNNNN,19730101,,,,EST,Y,C,YYNNNYNN,,,,41,,,459832500
USGS,254950080195005,G  -3054,GW,254950,0801950,25.83093075,-80.3303294,M,F,NAD27,NAD83,122,12,086,US,SWNESES15 T53S  R40E  T,,, 5.10,L, .1,NGVD29,03090202,21,F,NNNNNNNNNNNNNNNNNNNNNNNNNNNNNN,19730101,,,,EST,Y,C,YYNNNYNN,,,,61,,,459832500
USGS,254950080201201,G  -3045,GW,254950,0802012,25.83093076,-80.33644069,M,F,NAD27,NAD83,122,12,086,US,SWNWSWS15 T53S  R40E  T,,, 5.11,L,.1,NGVD29,03090202,21,F,NNNNNNNNNNNNNNNNNNNNNNNNNNNNNN,19730101,,,,EST,Y,C,YYNNNYNN,,,,11,,,459832500
USGS,254950080201202,G  -3046,GW,254950,0802012,25.83093076,-80.33644069,M,F,NAD27,NAD83,122,12,086,US,SWNWSWS15 T53S  R40E  T,,, 5.11,L, .1,NGVD29,03090202,21,F,NNNNNNNNNNNNNNNNNNNNNNNNNNNNNN,19730101,,,,EST,Y,C,YYNNNYNN,,,,21,,,459832500
USGS,254950080201203,G  -3047,GW,254950,0802012,25.83093076,-80.33644069,M,F,NAD27,NAD83,122,12,086,US,SWNWSWS15 T53S  R40E  T,,, 5.14,L,.1,NGVD29,03090202,21,F,NNNNNNNNNNNNNNNNNNNNNNNNNNNNNN,19730101,,,,EST,Y,C,YYNNNYNN,,,,31,,,459832500
USGS,254950080201204,G  -3048,GW,254950,0802012,25.83093076,-80.33644069,M,F,NAD27,NAD83,122,12,086,US,SWNWSWS15 T53S  R40E  T,,, 5.14,L,.1,NGVD29,03090202,21,F,NNNNNNNNNNNNNNNNNNNNNNNNNNNNNN,19730101,,,,EST,Y,C,YYNNNYNN,,,,41,,,459832500
USGS,254950080201205,G  -3049,GW,254950,0802012,25.83093076,-80.33644069,M,F,NAD27,NAD83,122,12,086,US,SWNWSWS15 T53S  R40E  T,,, 5.14,L,.1,NGVD29,03090202,21,F,NNNNNNNNNNNNNNNNNNNNNNNNNNNNNN,19730101,,,,EST,Y,C,YYNNNYNN,,,,61,,,459832500
USGS,254950080202501,G  -3040,GW,254950,0802025,25.83093077,-80.3400519,M,F,NAD27,NAD83,122,12,086,US,SWNESES16 T53S  R40E  T,,, 12.54,L,.1,NGVD29,03090202,21,F,NNNNNNNNNNNNNNNNNNNNNNNNNNNNNN,19730101,,,,EST,Y,C,YYNNNYNN,,,,11,,,459832500
USGS,254950080202502,G  -3041,GW,254950,0802025,25.83093077,-80.3400519,M,F,NAD27,NAD83,122,12,086,US,SWNESES16 T53S  R40E  T,,, 12.54,L,.1,NGVD29,03090202,21,F,NNNNNNNNNNNNNNNNNNNNNNNNNNNNNN,19730101,,,,EST,Y,C,YYNNNYNN,,,,21,,,459832500
USGS,254950080202503,G  -3042,GW,254950,0802025,25.83093077,-80.3400519,M,F,NAD27,NAD83,122,12,086,US,SWNESES16 T53S  R40E  T,,, 12.54,L,.1,NGVD29,03090202,21,F,NNNNNNNNNNNNNNNNNNNNNNNNNNNNNN,19730101,,,,EST,Y,C,YYNNNYNN,,,,31,,,459832500
USGS,254950080202504,G  -3043,GW,254950,0802025,25.83093077,-80.3400519,M,F,NAD27,NAD83,122,12,086,US,SWNESES16 T53S  R40E  T,,, 12.54,L,.1,NGVD29,03090202,21,F,NNNNNNNNNNNNNNNNNNNNNNNNNNNNNN,19730101,,,,EST,Y,C,YYNNNYNN,,,,41,,,459832500
USGS,254950080202505,G  -3044,GW,254950,0802025,25.83093077,-80.3400519,M,F,NAD27,NAD83,122,12,086,US,SWNESES16 T53S  R40E  T,,, 12.54,L,.1,NGVD29,03090202,21,F,NNNNNNNNNNNNNNNNNNNNNNNNNNNNNN,19730101,,,,EST,Y,C,YYNNNYNN,,,,61,,,459832500
USGS,254951080165401,F  - 270,GW,254951,0801654,25.83120836,-80.2814392,M,U,NAD27,NAD83,122,12,086,US,      S   T     R,,,,,,,03090202,21,,NNNNNNNNNNNNNNNNNNNNNNNNNNNNNN,,,,,EST,Y,C,YYNNNNNN,,,,52.4,,,459832500
USGS,254957080111101,F  - 229,GW,254957,0801111,25.83287473,-80.1861584,M,U,NAD27,NAD83,122,12,086,US,SWNENES18 T53S  R42E  T,,, 8.00,M,5.,NGVD29,03090202,21,F,NNNNNNNNNNNNNNNNNNNNNNNNNNNNNN,,,,,EST,Y,C,YYNYNYNN,,,,131,,,459832500
USGS,254957080135401,F  -  28,GW,254957,0801354,25.83287483,-80.2314377,M,U,NAD27,NAD83,122,12,086,US,      S   T     R,,,,,,,03090202,21,,NNNNNNNNNNNNNNNNNNNNNNNNNNNNNN,,,,,EST,Y,C,YNNNNNNN,,,,64.6,,,459832500
USGS,254958080115501,F  - 209,GW,254958,0801155,25.83315253,-80.198381,M,U,NAD27,NAD83,122,12,086,US,      S   T     R,,,,,,,03090202,21,,NNNNNNNNNNNNNNNNNNNNNNNNNNNNNN,,,,,EST,Y,C,YNNNNNNN,,,,56.9,,,459832500
USGS,254958080130701,F  - 251,GW,254958,0801307,25.83315257,-80.2183817,M,U,NAD27,NAD83,122,12,086,US,      S   T     R,,,,,,,03090202,21,,NNNNNNNNNNNNNNNNNNNNNNNNNNNNNN,,,,,EST,Y,C,YNNNNNNN,,,,64.9,,,459832500
USGS,254958080171001,S  -1481,GW,254958,0801710,25.83315275,-80.28588378,M,F,NAD27,NAD83,122,12,086,US,NWSWNES18 T53S  R41E  T,,, 7.00,L,.1,NGVD29,03090202,21,F,NNNNNNNNNNNNNNNNNNNNNNNNNNNNNN,19660101,,,,EST,Y,C,YYYYNYNN,,,,95,107,,459832500
USGS,254958080182801,G  -3015A,GW,254958,0801828,25.8331528,-80.307551,M,U,NAD27,NAD83,122,12,086,US,,,,,,,,03090202,21,,NNNNNNNNNNNNNNNNNNNNNNNNNNNNNN,,,,,EST,Y,C,YYNNNNNN,,,,27.7,,,459832500
USGS,254958080182802,G  -3015B,GW,254958,0801828,25.8331528,-80.307551,M,U,NAD27,NAD83,122,12,086,US,      S   T     R,,,,,,,03090202,21,,NNNNNNNNNNNNNNNNNNNNNNNNNNNNNN,,,,,EST,Y,C,YYNNNNNN,,,,11.9,,,459832500
USGS,254958080182803,G  -3015C,GW,254958,0801828,25.8331528,-80.307551,M,U,NAD27,NAD83,122,12,086,US,,,,,,,,03090202,21,,NNNNNNNNNNNNNNNNNNNNNNNNNNNNNN,,,,,EST,Y,C,YYNNNNNN,,,,47.2,,,459832500
USGS,254958080182804,G  -3016A,GW,254958,0801828,25.8331528,-80.307551,M,U,NAD27,NAD83,122,12,086,US,,,,,,,,03090202,21,,NNNNNNNNNNNNNNNNNNNNNNNNNNNNNN,,,,,EST,Y,C,YYNNNNNN,,,,24.2,,,459832500
USGS,254958080182805,G  -3016B,GW,254958,0801828,25.8331528,-80.307551,M,U,NAD27,NAD83,122,12,086,US,      S   T     R,,,,,,,03090202,21,,NNNNNNNNNNNNNNNNNNNNNNNNNNNNNN,,,,,EST,Y,C,YYNNNNNN,,,,10.2,,,459832500
USGS,254958080182806,G  -3016C,GW,254958,0801828,25.8331528,-80.307551,M,U,NAD27,NAD83,122,12,086,US,      S   T     R,,,,,,,03090202,21,,NNNNNNNNNNNNNNNNNNNNNNNNNNNNNN,,,,,EST,Y,C,YYNNNNNN,,,,46.2,,,459832500
USGS,254958080182807,G  -3017A,GW,254958,0801828,25.8331528,-80.307551,M,U,NAD27,NAD83,122,12,086,US,      S   T     R,,,,,,,03090202,21,,NNNNNNNNNNNNNNNNNNNNNNNNNNNNNN,,,,,EST,Y,C,YYNNNNNN,,,,25,,,459832500
USGS,254958080182808,G  -3017B,GW,254958,0801828,25.8331528,-80.307551,M,U,NAD27,NAD83,122,12,086,US,      S   T     R,,,,,,,03090202,21,,NNNNNNNNNNNNNNNNNNNNNNNNNNNNNN,,,,,EST,Y,C,YYNNNNNN,,,,12.8,,,459832500
USGS,254958080182809,G  -3017C,GW,254958,0801828,25.8331528,-80.307551,M,U,NAD27,NAD83,122,12,086,US,      S   T     R,,,,,,,03090202,21,,NNNNNNNNNNNNNNNNNNNNNNNNNNNNNN,,,,,EST,Y,C,YYNNNNNN,,,,45.1,,,459832500
USGS,254958080182901,G  -3018A,GW,254958,0801829,25.8331528,-80.3078288,M,U,NAD27,NAD83,122,12,086,US,,,,,,,,03090202,21,,NNNNNNNNNNNNNNNNNNNNNNNNNNNNNN,,,,,EST,Y,C,YYNNNNNN,,,,26.2,,,459832500
USGS,254958080182902,G  -3018B,GW,254958,0801829,25.8331528,-80.3078288,M,U,NAD27,NAD83,122,12,086,US,,,,,,,,03090202,21,,NNNNNNNNNNNNNNNNNNNNNNNNNNNNNN,,,,,EST,Y,C,YYNNNNNN,,,,48.3,,,459832500
USGS,254958080182903,G  -3018C,GW,254958,0801829,25.8331528,-80.3078288,M,U,NAD27,NAD83,122,12,086,US,      S   T     R,,,,,,,03090202,21,,NNNNNNNNNNNNNNNNNNNNNNNNNNNNNN,,,,,EST,Y,C,YYNNNNNN,,,,10.7,,,459832500
USGS,254958080183501,G  -3019,GW,254958,0801835,25.8331528,-80.3094955,M,U,NAD27,NAD83,122,12,086,US,      S14 T53S  R40E  S,"HIALEAH, FL",  24000, 3,N,4.3,NAVD88,03090206,21,,NNNNNNNNNNNNNNNNNNNNNNNNNNNNNN,,,,,EST,Y,C,YYNNNYNN,,,,46.6,,,459832500
USGS,254958080184201,G  -3020,GW,254958,0801842,25.83315283,-80.31144,M,U,NAD27,NAD83,122,12,086,US,      S14 T53S  R40E  S,"HIALEAH, FL",  24000, 4,N,4.3,NAVD88,03090206,21,,NNNNNNNNNNNNNNNNNNNNNNNNNNNNNN,,,,,EST,Y,C,YYNNNYNN,,,,43.9,,,459832500
USGS,254959080174401,G  -3011A,GW,254959,0801744,25.83343055,-80.2953285,M,U,NAD27,NAD83,122,12,086,US,      S   T     R,,,,,,,03090202,21,,NNNNNNNNNNNNNNNNNNNNNNNNNNNNNN,,,,,EST,Y,C,YYNNNNNN,,,,29.6,,,459832500
USGS,254959080174402,G  -3011B,GW,254959,0801744,25.83343055,-80.2953285,M,U,NAD27,NAD83,122,12,086,US,,,,,,,,03090202,21,,NNNNNNNNNNNNNNNNNNNNNNNNNNNNNN,,,,,EST,Y,C,YYNNNNNN,,,,46.2,,,459832500
USGS,254959080174403,G  -3011C,GW,254959,0801744,25.83343055,-80.2953285,M,U,NAD27,NAD83,122,12,086,US,,,,,,,,03090202,21,,NNNNNNNNNNNNNNNNNNNNNNNNNNNNNN,,,,,EST,Y,C,YYNNNNNN,,,,18.9,,,459832500
USGS,254959080174404,G  -3012A,GW,254959,0801744,25.83343055,-80.2953285,M,U,NAD27,NAD83,122,12,086,US,      S   T     R,,,,,,,03090202,21,,NNNNNNNNNNNNNNNNNNNNNNNNNNNNNN,,,,,EST,Y,C,YYNNNNNN,,,,10.6,,,459832500
USGS,254959080174405,G  -3012B,GW,254959,0801744,25.83343055,-80.2953285,M,U,NAD27,NAD83,122,12,086,US,,,,,,,,03090202,21,,NNNNNNNNNNNNNNNNNNNNNNNNNNNNNN,,,,,EST,Y,C,YYNNNNNN,,,,24.9,,,459832500
USGS,254959080174406,G  -3012C,GW,254959,0801744,25.83343055,-80.2953285,M,U,NAD27,NAD83,122,12,086,US,      S   T     R,,,,,,,03090202,21,,NNNNNNNNNNNNNNNNNNNNNNNNNNNNNN,,,,,EST,Y,C,YYNNNNNN,,,,14.3,,,459832500
USGS,254959080174407,G  -3013A,GW,254959,0801744,25.83343055,-80.2953285,M,U,NAD27,NAD83,122,12,086,US,,,,,,,,03090202,21,,NNNNNNNNNNNNNNNNNNNNNNNNNNNNNN,,,,,EST,Y,C,YYNNNNNN,,,,26,,,459832500
USGS,254959080174408,G  -3013B,GW,254959,0801744,25.83343055,-80.2953285,M,U,NAD27,NAD83,122,12,086,US,      S   T     R,,,,,,,03090202,21,,NNNNNNNNNNNNNNNNNNNNNNNNNNNNNN,,,,,EST,Y,C,YYNNNNNN,,,,15.2,,,459832500
USGS,254959080174409,G  -3013C,GW,254959,0801744,25.83343055,-80.2953285,M,U,NAD27,NAD83,122,12,086,US,      S   T     R,,,,,,,03090202,21,,NNNNNNNNNNNNNNNNNNNNNNNNNNNNNN,,,,,EST,Y,C,YYNNNNNN,,,,11.2,,,459832500
USGS,254959080174501,G  -3014A,GW,254959,0801745,25.83343055,-80.2956063,M,U,NAD27,NAD83,122,12,086,US,      S   T     R,,,,,,,03090202,21,,NNNNNNNNNNNNNNNNNNNNNNNNNNNNNN,,,,,EST,Y,C,YYNNNNNN,,,,44,,,459832500
USGS,254959080174502,G  -3014B,GW,254959,0801745,25.83343055,-80.2956063,M,U,NAD27,NAD83,122,12,086,US,      S   T     R,,,,,,,03090202,21,,NNNNNNNNNNNNNNNNNNNNNNNNNNNNNN,,,,,EST,Y,C,YYNNNNNN,,,,29.8,,,459832500
USGS,254959080174503,G  -3014C,GW,254959,0801745,25.83343055,-80.2956063,M,U,NAD27,NAD83,122,12,086,US,      S   T     R,,,,,,,03090202,21,,NNNNNNNNNNNNNNNNNNNNNNNNNNNNNN,,,,,EST,Y,C,YYNNNNNN,,,,16,,,459832500
USGS,255000080165301,F  - 271,GW,255000,0801653,25.83370827,-80.2811614,M,U,NAD27,NAD83,122,12,086,US,      S   T     R,,,,,,,03090202,21,,NNNNNNNNNNNNNNNNNNNNNNNNNNNNNN,,,,,EST,Y,C,YYNNNNNN,,,,47.7,,,459832500
USGS,255000080204701,G  -3035,GW,255000,0802047,25.83370847,-80.3461632,M,F,NAD27,NAD83,122,12,086,US,SWNENES16 T53S  R40E  T,,, 12.94,L,.1,NGVD29,03090202,21,F,NNNNNNNNNNNNNNNNNNNNNNNNNNNNNN,19730101,,,,EST,Y,C,YYNNNYNN,,,,21,,,459832500
USGS,255000080204702,G  -3036,GW,255000,0802047,25.83370847,-80.3461632,M,F,NAD27,NAD83,122,12,086,US,SWNENES16 T53S  R40E  T,,, 12.94,L,.1,NGVD29,03090202,21,F,NNNNNNNNNNNNNNNNNNNNNNNNNNNNNN,19730101,,,,EST,Y,C,YYNNNYNN,,,,31,,,459832500
USGS,255000080204703,G  -3037,GW,255000,0802047,25.83370847,-80.3461632,M,F,NAD27,NAD83,122,12,086,US,SWNENES16 T53S  R40E  T,,, 12.94,L,.1,NGVD29,03090202,21,F,NNNNNNNNNNNNNNNNNNNNNNNNNNNNNN,19730101,,,,EST,Y,C,YYNNNYNN,,,,41,,,459832500
USGS,255000080204704,G  -3038,GW,255000,0802047,25.83370847,-80.3461632,M,F,NAD27,NAD83,122,12,086,US,SWNENES16 T53S  R40E  T,,, 12.94,L,.1,NGVD29,03090202,21,F,NNNNNNNNNNNNNNNNNNNNNNNNNNNNNN,19730101,,,,EST,Y,C,YYNNNYNN,,,,51,,,459832500
USGS,255000080204705,G  -3039,GW,255000,0802047,25.83370847,-80.3461632,M,F,NAD27,NAD83,122,12,086,US,SWNENES16 T53S  R40E  T,,, 12.94,L,.1,NGVD29,03090202,21,F,NNNNNNNNNNNNNNNNNNNNNNNNNNNNNN,19730101,,,,EST,Y,C,YYNNNYNN,,,,71,,,459832500
USGS,255002080110601,F  - 230,GW,255002,0801106,25.83426357,-80.18476948,M,U,NAD27,NAD83,122,12,086,US,      S   T     R,,,,,,,03090202,21,,NNNNNNNNNNNNNNNNNNNNNNNNNNNNNN,,,,,EST,Y,C,YNNNNNNN,,,,75.7,,,459832500
USGS,255004080113901,F  - 218,GW,255004,0801139,25.8348191,-80.1939365,M,U,NAD27,NAD83,122,12,086,US,      S   T     R,,,,,,,03090202,21,,NNNNNNNNNNNNNNNNNNNNNNNNNNNNNN,,,,,EST,Y,C,YYNNNNNN,,,,123,,,459832500
USGS,255006080172501,G  -1280,GW,255006,0801725,25.8353749,-80.2900506,M,F,NAD27,NAD83,122,12,086,US,NESESES13 T53S  R40E  T,,, 6.94,L,.1,NGVD29,03090202,21,T,NNNNNNNNNNNNNNNNNNNNNNNNNNNNNN,,,,,EST,Y,C,YYNYNYNN,,,,54,,,459832500
USGS,255006080172502,G  -1281,GW,255006,0801725,25.8353749,-80.2900506,M,F,NAD27,NAD83,122,12,086,US,      S13 T53S  R40E  T,,, 6.98,L,.1,NGVD29,03090202,21,T,NNNNNNNNNNNNNNNNNNNNNNNNNNNNNN,,,,,EST,Y,C,YYNYNYNN,,,,13.6,,,459832500
USGS,255006080172503,G  -3007,GW,255006,0801725,25.8353749,-80.2900506,M,U,NAD27,NAD83,122,12,086,US,      S   T     R,,, 6.93,U,.01,NGVD29,03090202,21,,NNNNNNNNNNNNNNNNNNNNNNNNNNNNNN,,,,,EST,Y,C,YYNNNNNN,,,,27.4,,,459832500
USGS,255006080172504,G  -3008A,GW,255006,0801725,25.8353749,-80.2900506,M,U,NAD27,NAD83,122,12,086,US,      S   T     R,,, 3.75,U,.01,NGVD29,03090202,21,,NNNNNNNNNNNNNNNNNNNNNNNNNNNNNN,,,,,EST,Y,C,YYNNNNNN,,,,10.4,,,459832500
USGS,255006080172505,G  -3008B,GW,255006,0801725,25.8353749,-80.2900506,M,U,NAD27,NAD83,122,12,086,US,      S   T     R,,, 6.95,U,.01,NGVD29,03090202,21,,NNNNNNNNNNNNNNNNNNNNNNNNNNNNNN,,,,,EST,Y,C,YYNNNNNN,,,,27.4,,,459832500
USGS,255006080172506,G  -3008C,GW,255006,0801725,25.8353749,-80.2900506,M,U,NAD27,NAD83,122,12,086,US,      S   T     R,,, 3.86,U,.01,NGVD29,03090202,21,,NNNNNNNNNNNNNNNNNNNNNNNNNNNNNN,,,,,EST,Y,C,YYNNNNNN,,,,16,,,459832500
USGS,255006080173001,G  -3009A,GW,255006,0801730,25.8353749,-80.2914395,M,U,NAD27,NAD83,122,12,086,US,,,,,,,,03090202,21,,NNNNNNNNNNNNNNNNNNNNNNNNNNNNNN,,,,,EST,Y,C,YYNNNNNN,,,,10,,,459832500
USGS,255006080173002,G  -3009B,GW,255006,0801730,25.8353749,-80.2914395,M,U,NAD27,NAD83,122,12,086,US,      S   T     R,,,,,,,03090202,21,,NNNNNNNNNNNNNNNNNNNNNNNNNNNNNN,,,,,EST,Y,C,YYNNNNNN,,,,24.5,,,459832500
USGS,255006080173003,G  -3009C,GW,255006,0801730,25.8353749,-80.2914395,M,U,NAD27,NAD83,122,12,086,US,,,,,,,,03090202,21,,NNNNNNNNNNNNNNNNNNNNNNNNNNNNNN,,,,,EST,Y,C,YYNNNNNN,,,,14.3,,,459832500
USGS,255006080173004,G  -3010A,GW,255006,0801730,25.8353749,-80.2914395,M,U,NAD27,NAD83,122,12,086,US,,,,,,,,03090202,21,,NNNNNNNNNNNNNNNNNNNNNNNNNNNNNN,,,,,EST,Y,C,YYNNNNNN,,,,45,,,459832500
USGS,255006080173005,G  -3010B,GW,255006,0801730,25.8353749,-80.2914395,M,U,NAD27,NAD83,122,12,086,US,      S   T     R,,,,,,,03090202,21,,NNNNNNNNNNNNNNNNNNNNNNNNNNNNNN,,,,,EST,Y,C,YYNNNNNN,,,,15.2,,,459832500
USGS,255006080173006,G  -3010C,GW,255006,0801730,25.8353749,-80.2914395,M,U,NAD27,NAD83,122,12,086,US,,,,,,,,03090202,21,,NNNNNNNNNNNNNNNNNNNNNNNNNNNNNN,,,,,EST,Y,C,YYNNNNNN,,,,28.2,,,459832500
USGS,255011080124501,G  -3947,GW,255011.3,0801245.4,25.8364722,-80.2126111,G,5,NAD83,NAD83,122,12,086,US,SWNENES14 T53S  R41E  T,MIAMI,  24000, 11.71,L,.01,NGVD29,03090202,21,F,NNNNNNNNNNNNNNNNNNNNNNNNNNNNNN,,,,,EST,Y,C,YY   Y,N400BISCYN,112BSCNN,U,200,229,O,SaltMap
USGS,255012080164101,F  - 266,GW,255012,0801641,25.83704148,-80.277828,M,U,NAD27,NAD83,122,12,086,US,      S   T     R,,,,,,,03090202,21,,NNNNNNNNNNNNNNNNNNNNNNNNNNNNNN,,,,,EST,Y,C,YYNNNNNN,,,,45,,,459832500
USGS,255013080190701,G  -3056,GW,255013,0801907,25.83731937,-80.3183846,M,F,NAD27,NAD83,122,12,086,US,NWSWNES14 T53S  R43E  T,"HIALEAH, FL",  24000, 6,N,4.3,NAVD88,03090202,21,F,NNNNNNNNNNNNNNNNNNNNNNNNNNNNNN,19730101,,,,EST,Y,C,YYNYNYNN,,,,10,,,459832500
USGS,255013080190702,G  -3057,GW,255013,0801907,25.83731937,-80.3183846,M,F,NAD27,NAD83,122,12,086,US,NWSWNES14 T53S  R43E  T,,,,,,,03090202,21,F,NNNNNNNNNNNNNNNNNNNNNNNNNNNNNN,19730101,,,,EST,Y,C,YYNYNNNN,,,,23,,,459832500
USGS,255013080190703,G  -3058,GW,255013,0801907,25.83731937,-80.3183846,M,F,NAD27,NAD83,122,12,086,US,NWSWNES14 T53S  R43E  T,"HIALEAH, FL",  24000, 6,N,4.3,NAVD88,03090206,21,F,NNNNNNNNNNNNNNNNNNNNNNNNNNNNNN,,,,,EST,Y,C,YYNYNYNN,,,,32,,,459832500
USGS,255013080190704,G  -3059,GW,255013,0801907,25.83731937,-80.3183846,M,F,NAD27,NAD83,122,12,086,US,NWSWNES14 T53S  R40E  T,"HIALEAH, FL",  24000, 6,N,4.3,NAVD88,03090206,21,F,NNNNNNNNNNNNNNNNNNNNNNNNNNNNNN,19730101,,,,EST,Y,C,YYNYNYNN,,,,41,,,459832500
USGS,255013080190705,F  - 491,GW,255013,0801907,25.83731937,-80.3183846,M,F,NAD27,NAD83,122,12,086,US,NWSWNES14 T53S  R40E  T,,, 4.66,U,.01,NGVD29,03090202,21,F,NNNNNNNNNNNNNNNNNNNNNNNNNNNNNN,,,,,EST,Y,C,YYNYNYNN,,,,51,,,459832500
USGS,255015080124101,F  -  47,GW,255015,0801241,25.8378746,-80.2111593,M,U,NAD27,NAD83,122,12,086,US,      S   T     R,,,,,,,03090202,21,,NNNNNNNNNNNNNNNNNNNNNNNNNNNNNN,,,,,EST,Y,C,YNNNNNNN,,,,91.1,,,459832500
USGS,255015080230701,G  - 271,GW,255015,0802307,25.8378751,-80.385053,M,U,NAD27,NAD83,122,12,086,US,      S   T     R,,,,,,,03090202,21,,NNNNNNNNNNNNNNNNNNNNNNNNNNNNNN,,,,,EST,Y,C,YYNNNNNN,,,,7.3,,,459832500
USGS,255016080113502,F  - 220,GW,255016,0801135,25.83815233,-80.1928253,M,U,NAD27,NAD83,122,12,086,US,      S   T     R,,,,,,,03090202,21,,NNNNNNNNNNNNNNNNNNNNNNNNNNNNNN,,,,,EST,Y,C,YNNNNNNN,,,,65.4,,,459832500
USGS,255017080184401,G  -3267,GW,255017,0801844,25.8384304,-80.3119956,M,S,NAD27,NAD83,122,12,086,US,      S   T     R,,,,,,,03090202,21,F,NNNNNNNNNNNNNNNNNNNNNNNNNNNNNN,19830101,,,,EST,Y,C,NNNNNNNN,N400BISCYN,112BSCNN,U,8,,,
USGS,255017080184402,G  -3268,GW,255017,0801844,25.8384304,-80.3119956,M,S,NAD27,NAD83,122,12,086,US,      S   T     R,,,,,,,03090202,21,F,NNNNNNNNNNNNNNNNNNNNNNNNNNNNNN,19830101,,,,EST,Y,C,NNNNNNNN,N400BISCYN,112BSCNN,U,40,,,
USGS,255017080184403,G  -3269,GW,255017,0801844,25.8384304,-80.3119956,M,S,NAD27,NAD83,122,12,086,US,      S   T     R,,,,,,,03090202,21,F,NNNNNNNNNNNNNNNNNNNNNNNNNNNNNN,19830101,,,,EST,Y,C,NNNNNNNN,N400BISCYN,112BSCNN,U,83,,,
USGS,255018080170801,G  -1645,GW,255018,0801708,25.8387081,-80.28532819,M,F,NAD27,NAD83,122,12,086,US,SESWNWS07 T53S  R41E  T,,,,,,,03090202,21,F,NNNNNNNNNNNNNNNNNNNNNNNNNNNNNN,19720101,,,,EST,Y,C,YYNYNNNN,,,,9.1,,,459832500
USGS,255018080170802,G  -1646,GW,255018,0801708,25.8387081,-80.28532819,M,F,NAD27,NAD83,122,12,086,US,SESWNWS07 T53S  R41E  T,"HIALEAH, FL",  24000, 3,N,4.3,NAVD88,03090206,21,F,NNNNNNNNNNNNNNNNNNNNNNNNNNNNNN,19720101,,,,EST,Y,C,YYNYNYNN,,,,22.4,,,459832500
USGS,255019080170701,G  -1610,GW,255019,0801707,25.83898587,-80.2850504,M,F,NAD27,NAD83,122,12,086,US,SESWNWS07 T53S  R41E  T,"HIALEAH, FL",  24000, 3,N,4.3,NAVD88,03090206,21,F,NNNNNNNNNNNNNNNNNNNNNNNNNNNNNN,19710101,,,,EST,Y,C,YYNYNYNN,,,,12,,,459832500
USGS,255019080170702,G  -1611,GW,255019,0801707,25.83898587,-80.2850504,M,F,NAD27,NAD83,122,12,086,US,SESWNWS07 T53S  R41E  T,"HIALEAH, FL",  24000, 3,N,4.3,NAVD88,03090206,21,F,NNNNNNNNNNNNNNNNNNNNNNNNNNNNNN,19710101,,,,EST,Y,C,YYNYNYNN,,,,23,,,459832500
USGS,255019080170703,G  -1612,GW,255019,0801707,25.83898587,-80.2850504,M,F,NAD27,NAD83,122,12,086,US,SESWNWS07 T53S  R41E  T,"HIALEAH, FL",  24000, 3,N,4.3,NAVD88,03090206,21,F,NNNNNNNNNNNNNNNNNNNNNNNNNNNNNN,19710101,,,,EST,Y,C,YYNYNYNN,,,,30,,,459832500
USGS,255019080170704,G  -1613,GW,255019,0801707,25.83898587,-80.2850504,M,F,NAD27,NAD83,122,12,086,US,SESWNWS07 T53S  R41E  T,"HIALEAH, FL",  24000, 3,N,4.3,NAVD88,03090206,21,F,NNNNNNNNNNNNNNNNNNNNNNNNNNNNNN,19710101,,,,EST,Y,C,YYNYNYNN,,,,46,,,459832500
USGS,255019080170705,G  -1614,GW,255019,0801707,25.83898587,-80.2850504,M,F,NAD27,NAD83,122,12,086,US,SESWNWS07 T53S  R41E  T,"HIALEAH, FL",  24000, 3,N,4.3,NAVD88,03090206,21,F,NNNNNNNNNNNNNNNNNNNNNNNNNNNNNN,19710101,,,,EST,Y,C,YYNYNYNN,,,,62,,,459832500
USGS,255020080184501,G  -3265,GW,255020,0801845,25.8392637,-80.3122734,M,S,NAD27,NAD83,122,12,086,US,      S   T     R,,,,,,,03090202,21,F,NNNNNNNNNNNNNNNNNNNNNNNNNNNNNN,19830101,,,,EST,Y,C,NNNNNNNN,N400BISCYN,112BSCNN,U,6,,,
USGS,255020080184502,G  -3266,GW,255020,0801845,25.8392637,-80.3122734,M,S,NAD27,NAD83,122,12,086,US,      S   T     R,,,,,,,03090202,21,F,NNNNNNNNNNNNNNNNNNNNNNNNNNNNNN,19830101,,,,EST,Y,C,NNNNNNNN,N400BISCYN,112BSCNN,U,40,,,
USGS,255020080185001,G  -3270,GW,255020,0801850,25.8392637,-80.3136623,M,S,NAD27,NAD83,122,12,086,US,      S   T     R,,,,,,,03090202,21,F,NNNNNNNNNNNNNNNNNNNNNNNNNNNNNN,19830101,,,,EST,Y,C,NNNNNNNN,N400BISCYN,112BSCNN,U,40,,,
USGS,255020080185002,G  -3271,GW,255020,0801850,25.8392637,-80.3136623,M,S,NAD27,NAD83,122,12,086,US,,,,,,,,03090202,21,F,NNNNNNNNNNNNNNNNNNNNNNNNNNNNNN,19830101,,,,EST,Y,C,NNNNNNNN,N400BISCYN,112BSCNN,U,82,,,
USGS,255020080230501,G  - 218,GW,255020,0802305,25.83926394,-80.38449749,M,S,NAD27,NAD83,122,12,086,US,  NWNWS18 T53S  R40E  T,,, 7.44,L,.1,NGVD29,03090202,21,F,NNNNNNNNNNNNNNNNNNNNNNNNNNNNNN,19410101,,,,EST,Y,C,YYNYNNNN,,,,71.2,,,459832500
USGS,255025080121001,F  -  35,GW,255025,0801210,25.84065227,-80.2025478,M,U,NAD27,NAD83,122,12,086,US,      S   T     R,,,,,,,03090202,21,,NNNNNNNNNNNNNNNNNNNNNNNNNNNNNN,,,,,EST,Y,C,YNNNNNNN,,,,56.4,,,459832500
USGS,255034080124801,S  - 375,GW,255034,0801248,25.8431522,-80.2131038,M,U,NAD27,NAD83,122,12,086,US,      S   T     R,,,,,,,03090202,21,,NNNNNNNNNNNNNNNNNNNNNNNNNNNNNN,,,,,EST,Y,C,YYNNNNNN,,,,54,,,459832500
USGS,255035080123301,S  - 373,GW,255035,0801233,25.84342996,-80.2089369,M,U,NAD27,NAD83,122,12,086,US,      S   T     R,,,,,,,03090202,21,,NNNNNNNNNNNNNNNNNNNNNNNNNNNNNN,,,,,EST,Y,C,YNNNNNNN,,,,28,,,459832500
USGS,255035080124901,S  - 376,GW,255035,0801249,25.84342997,-80.2133815,M,U,NAD27,NAD83,122,12,086,US,      S   T     R,,,,,,,03090202,21,,NNNNNNNNNNNNNNNNNNNNNNNNNNNNNN,,,,,EST,Y,C,YYNNNNNN,,,,75.5,,,459832500
USGS,255036080124801,S  - 374,GW,255036,0801248,25.84370774,-80.2131038,M,U,NAD27,NAD83,122,12,086,US,      S   T     R,,,,,,,03090202,21,,NNNNNNNNNNNNNNNNNNNNNNNNNNNNNN,,,,,EST,Y,C,YYNNNNNN,,,,28,,,459832500
USGS,255040080132501,G  -  85-6,GW,255040,0801325,25.84481883,-80.2233819,M,U,NAD27,NAD83,122,12,086,US,      S   T     R,,,,,,,03090202,21,,NNNNNNNNNNNNNNNNNNNNNNNNNNNNNN,,,,,EST,Y,C,NNNNNNNN,,,,,,,
USGS,255042080163001,G  -3299,GW,255042,0801630,25.8453745,-80.2747723,M,S,NAD27,NAD83,122,12,086,US,      S   T     R,HIALEAH,  24000,,,,,03090202,21,F,NNNNNNNNNNNNNNNNNNNNNNNNNNNNNN,19830912,19831031,,,EST,Y,C,YYNNNNNN,N400BISCYN,112BSCNN,U,9,310,O,32500
USGS,255042080163002,G  -3299A,GW,255042,0801630,25.8453745,-80.2747723,M,S,NAD27,NAD83,122,12,086,US,      S   T     R,HIALEAH,  24000,,,,,03090202,21,F,NNNNNNNNNNNNNNNNNNNNNNNNNNNNNN,19830913,19830913,,,EST,Y,C,YYNNNNNN,N400BISCYN,112BSCNN,U,9,50,O,32500
USGS,255042080163003,G  -3299B,GW,255042,0801630,25.8453745,-80.2747723,M,S,NAD27,NAD83,122,12,086,US,      S   T     R,HIALEAH,  24000,,,,,03090202,21,F,NNNNNNNNNNNNNNNNNNNNNNNNNNNNNN,19830913,19831031,,,EST,Y,C,YYNNNNNN,N400BISCYN,112BSCNN,U,9,90,O,32500
USGS,255042080163004,G  -3299C,GW,255042,0801630,25.8453745,-80.2747723,M,S,NAD27,NAD83,122,12,086,US,,HIALEAH,  24000,,,,,03090202,21,F,NNNNNNNNNNNNNNNNNNNNNNNNNNNNNN,19830913,19831031,,,EST,Y,C,YYNNNNNN,N400BISCYN,112BSCNN,U,9,160,O,32500
USGS,255042080163005,G  -3299D,GW,255042,0801630,25.8453745,-80.2747723,M,S,NAD27,NAD83,122,12,086,US,      S   T     R,HIALEAH,  24000,,,,,03090202,21,F,NNNNNNNNNNNNNNNNNNNNNNNNNNNNNN,19830912,19831031,,,EST,Y,C,YYNNNNNN,N400BISCYN,112BSCNN,U,9,200,O,32500
USGS,255043080113503,F  - 223,GW,255043,0801135,25.84565206,-80.1928253,M,U,NAD27,NAD83,122,12,086,US,      S   T     R,,,,,,,03090202,21,,NNNNNNNNNNNNNNNNNNNNNNNNNNNNNN,,,,,EST,Y,C,YYNNNNNN,,,,48.9,,,459832500
USGS,255043080231001,G  -3298,GW,255043,0802310,25.84565259,-80.3858864,M,S,NAD27,NAD83,122,12,086,US,      S07 T53S  R40E  S,"HIALEAH SW, FL",  24000, 3,N,4.3,NAVD88,03090206,21,F,NNNNNNNNNNNNNNNNNNNNNNNNNNNNNN,19830921,19831028,,,EST,Y,C,YYNNNYNN,N400BISCYN,112BSCNN,U,9,200,O,32500
USGS,255043080231002,G  -3298A,GW,255043,0802310,25.84565259,-80.3858864,M,S,NAD27,NAD83,122,12,086,US,      S07 T53S  R40E  S,"HIALEAH SW, FL",  24000, 3,N,4.3,NAVD88,03090206,21,F,NNNNNNNNNNNNNNNNNNNNNNNNNNNNNN,19830922,19831027,,,EST,Y,C,YYNNNYNN,N400BISCYN,112BSCNN,U,9,30,O,32500
USGS,255043080231003,G  -3298B,GW,255043,0802310,25.84565259,-80.3858864,M,S,NAD27,NAD83,122,12,086,US,      S07 T53S  R40E  S,"HIALEAH SW, FL",  24000, 3,N,4.3,NAVD88,03090206,21,F,NNNNNNNNNNNNNNNNNNNNNNNNNNNNNN,19830922,19831027,,,EST,Y,C,YYNNNYNN,N400BISCYN,112BSCNN,U,9,60,O,32500
USGS,255043080231004,G  -3298C,GW,255043,0802310,25.84565259,-80.3858864,M,S,NAD27,NAD83,122,12,086,US,      S07 T53S  R40E  S,"HIALEAH SW, FL",  24000, 3,N,4.3,NAVD88,03090206,21,F,NNNNNNNNNNNNNNNNNNNNNNNNNNNNNN,19830922,,,,EST,Y,C,YYNNNYNN,N400BISCYN,112BSCNN,U,9,120,O,32500
USGS,255044080145801,S  - 217,GW,255044,0801458,25.84592996,-80.24921609,M,U,NAD27,NAD83,122,12,086,US,      S   T     R,,,,,,,03090202,21,,NNNNNNNNNNNNNNNNNNNNNNNNNNNNNN,,,,,EST,Y,C,YNNNNNNN,,,,90,,,459832500
USGS,255044080152001,S  - 218,GW,255044,0801520,25.84592998,-80.2553274,M,U,NAD27,NAD83,122,12,086,US,      S   T     R,,,,,,,03090202,21,,NNNNNNNNNNNNNNNNNNNNNNNNNNNNNN,,,,,EST,Y,C,YNNNNNNN,,,,60,,,459832500
USGS,255045080123701,F  -  53,GW,255045,0801237,25.84620764,-80.21004809,M,U,NAD27,NAD83,122,12,086,US,      S   T     R,,,,,,,03090202,21,,NNNNNNNNNNNNNNNNNNNNNNNNNNNNNN,,,,,EST,Y,C,YYNNNNNN,,,,110,,,459832500
USGS,255045080132301,F  -  79,GW,255045,0801323,25.84620767,-80.2228263,M,U,NAD27,NAD83,122,12,086,US,      S   T     R,,,,,,,03090202,21,,NNNNNNNNNNNNNNNNNNNNNNNNNNNNNN,,,,,EST,Y,C,YNNNNNNN,,,,67.7,,,459832500
USGS,255046080125001,F  -  42,GW,255046,0801250,25.8464854,-80.2136593,M,U,NAD27,NAD83,122,12,086,US,      S   T     R,,,,,,,03090202,21,,NNNNNNNNNNNNNNNNNNNNNNNNNNNNNN,,,,,EST,Y,C,YNNNNNNN,,,,87.2,,,459832500
USGS,255048080123701,F  -  61,GW,255048,0801237,25.84704094,-80.21004808,M,U,NAD27,NAD83,122,12,086,US,      S   T     R,,,,,,,03090202,21,,NNNNNNNNNNNNNNNNNNNNNNNNNNNNNN,,,,,EST,Y,C,YNNNNNNN,,,,85.9,,,459832500
USGS,255054080180201,F  - 253,GW,255054,0801802,25.84870779,-80.3003286,M,U,NAD27,NAD83,122,12,086,US,      S   T     R,,,,,,,03090202,21,,NNNNNNNNNNNNNNNNNNNNNNNNNNNNNN,,,,,EST,Y,C,YYNNNNNN,,,,47.3,,,459832500
USGS,255054080181701,F  - 254,GW,255054,0801817,25.8487078,-80.3044953,M,U,NAD27,NAD83,122,12,086,US,      S   T     R,,,,,,,03090202,21,,NNNNNNNNNNNNNNNNNNNNNNNNNNNNNN,,,,,EST,Y,C,YNNNNNNN,,,,51.2,,,459832500
USGS,255054080231301,G  -3109,GW,255054,0802313,25.84870804,-80.3867197,M,U,NAD27,NAD83,122,12,086,US,      S   T     R,,,,,,,03090202,21,,NNNNNNNNNNNNNNNNNNNNNNNNNNNNNN,19760204,19760204,,,EST,Y,C,YYNNNNNN,N400BISCYN,112BSCNN,U,82,82,D,459832500
USGS,255055080113601,G  - 183,GW,255005,0801131,25.83509689,-80.1917142,M,U,NAD27,NAD83,122,12,086,US,      S   T     R,,, 11.78,U,.01,NGVD29,03090202,21,,NNNNNNNNNNNNNNNNNNNNNNNNNNNNNN,,,,,EST,Y,C,YYNNNYNN,,,,350,,,459832500
USGS,255055080113602,G  - 183A,GW,255005,0801131,25.83509689,-80.1917142,M,U,NAD27,NAD83,122,12,086,US,      S   T     R,,, 11.78,U,.01,NGVD29,03090202,21,,NNNNNNNNNNNNNNNNNNNNNNNNNNNNNN,,,,,EST,Y,C,YYNNNNNN,,,,11.8,,,459832500
USGS,255108080112101,G  -1356,GW,255108,0801121,25.85259625,-80.1889362,M,S,NAD27,NAD83,122,12,086,US,NWNWSES07 T53S  R42E  T,,, 5.00,M,5.,NGVD29,03090202,21,T,NNNNNNNNNNNNNNNNNNNNNNNNNNNNNN,19680101,,,,EST,Y,C,YYNYNNNN,,,,79,,,459832500
USGS,255109080120701,G  -3225,GW,255109,0801207,25.85287405,-80.2017145,M,S,NAD27,NAD83,122,12,086,US,NWNENWS12 T53S  R41E  T,MIAMI,  24000, 2.50,M,2.5,NGVD29,03090202,21,F,NNNNNNNNNNNNNNNNNNNNNNNNNNNNNN,19791106,19791114,,,EST,Y,C,YYNNNNNN,N400BISCYN,112BSCNS,U,111,,D,459804100
USGS,255116080120601,G  -3602,GW,255117.3,0801205.2,25.85480556,-80.2014444,M,S,NAD83,NAD83,122,12,086,US,SESESWS01 T53S  R41E  T,,, 5.2,R,0.1,NGVD29,03090202,21,F,NNNNNNNNNNNNNNNNNNNNNNNNNNNNNN,19950913,19960117,,,EST,Y,C,YYNNNYNN,N400BISCYN,112BSCNN,U,160,160,D,2080-00200
USGS,255119080133101,S  - 208,GW,255119,0801331,25.85565178,-80.2250486,M,U,NAD27,NAD83,122,12,086,US,      S   T     R,,,,,,,03090202,21,,NNNNNNNNNNNNNNNNNNNNNNNNNNNNNN,,,,,EST,Y,C,YNNNNNNN,,,,55,,,459832500
USGS,255122080133201,F  -  85,GW,255040,0801332,25.84481884,-80.22532639,M,U,NAD27,NAD83,122,12,086,US,      S   T     R,,,,,,,03090202,21,,NNNNNNNNNNNNNNNNNNNNNNNNNNNNNN,,,,,EST,Y,C,YYNNNNNN,,,,58.6,,,459832500
USGS,255123080135001,F  - 109,GW,255123,0801350,25.85676286,-80.2303265,M,U,NAD27,NAD83,122,12,086,US,      S   T     R,,,,,,,03090202,21,,NNNNNNNNNNNNNNNNNNNNNNNNNNNNNN,,,,,EST,Y,C,YYNNNNNN,,,,51.4,,,459832500
USGS,255132080113401,S  - 425,GW,255132,0801134,25.85926268,-80.1925475,M,U,NAD27,NAD83,122,12,086,US,      S   T     R,,,,,,,03090202,21,,NNNNNNNNNNNNNNNNNNNNNNNNNNNNNN,,,,,EST,Y,C,YYNNNNNN,,,,21,,,459832500
USGS,255134080110801,G  - 895,GW,255134,0801108,25.8598182,-80.18532499,M,U,NAD27,NAD83,122,12,086,US,SWNESES06 T53S  R41E  T,,, 10.00,M,5.,NGVD29,03090202,21,F,NNNNNNNNNNNNNNNNNNNNNNNNNNNNNN,19590101,,,,EST,Y,C,YYNYNNNN,,,,110,,,459832500
USGS,255140080150401,S  - 212,GW,255140,0801504,25.86148497,-80.2508827,M,U,NAD27,NAD83,122,12,086,US,      S   T     R,,,,,,,03090202,21,,NNNNNNNNNNNNNNNNNNNNNNNNNNNNNN,,,,,EST,Y,C,YNNNNNNN,,,,58,,,459832500
USGS,255156080110701,G  -3300,GW,255156,0801107,25.86592909,-80.18504718,M,S,NAD27,NAD83,122,12,086,US,      S   T     R,MIAMI,  24000,,,,,03090202,21,F,NNNNNNNNNNNNNNNNNNNNNNNNNNNNNN,19831012,19831213,,,EST,Y,C,YYNNNNNN,N400BISCYN,112BSCNN,U,9,330,O,32500
USGS,255156080110702,G  -3300A,GW,255156,0801107,25.86592909,-80.18504718,M,S,NAD27,NAD83,122,12,086,US,,MIAMI,  24000,,,,,03090202,21,F,NNNNNNNNNNNNNNNNNNNNNNNNNNNNNN,19831011,19831216,,,EST,Y,C,YYNNNNNN,N400BISCYN,112BSCNN,U,9,30,O,32500
USGS,255156080110704,G  -3300C,GW,255156,0801107,25.86592909,-80.18504718,M,S,NAD27,NAD83,122,12,086,US,      S   T     R,MIAMI,  24000,,,,,03090202,21,F,NNNNNNNNNNNNNNNNNNNNNNNNNNNNNN,19831013,19831216,,,EST,Y,C,YYNNNNNN,N400BISCYN,112BSCNN,U,9,100,O,32500
USGS,255156080110705,G  -3300D,GW,255156,0801107,25.86592909,-80.18504718,M,S,NAD27,NAD83,122,12,086,US,      S   T     R,MIAMI,  24000,,,,,03090202,21,F,NNNNNNNNNNNNNNNNNNNNNNNNNNNNNN,19831013,19831013,,,EST,Y,C,YYNNNNNN,N400BISCYN,112BSCNN,U,9,60,O,32500
USGS,255157080171501,F  - 248,GW,255205,0801700,25.86842925,-80.2831058,M,U,NAD27,NAD83,122,12,086,US,      S   T     R,,,,,,,03090202,21,,NNNNNNNNNNNNNNNNNNNNNNNNNNNNNN,,,,,EST,Y,C,YYNNNNNN,,,,56.2,,,459832500
USGS,255200080145901,S  - 250,GW,255200,0801459,25.8670403,-80.2494938,M,U,NAD27,NAD83,122,12,086,US,      S   T     R,,,,,,,03090202,21,,NNNNNNNNNNNNNNNNNNNNNNNNNNNNNN,,,,,EST,Y,C,YNNNNNNN,,,,57,,,459832500
USGS,255203080230801,G  - 270,GW,255203,0802308,25.86787399,-80.3853307,M,U,NAD27,NAD83,122,12,086,US,      S   T     R,,,,,,,03090202,21,,NNNNNNNNNNNNNNNNNNNNNNNNNNNNNN,,,,,EST,Y,C,YYNNNNNN,,,,4.6,,,459832500
USGS,255210080231501,G  -3105,GW,255210,0802315,25.86981837,-80.3872752,M,U,NAD27,NAD83,122,12,086,US,      S   T     R,,,,,,,03090202,21,,NNNNNNNNNNNNNNNNNNNNNNNNNNNNNN,,,,,EST,Y,C,YYNNNNNN,,,,67,,,459832500
USGS,255222080123001,G  -3224,GW,255222.3,0801230.1,25.8728611,-80.2083611,G,1,NAD83,NAD83,122,12,086,US,SWNWSWS36 T52S  R41E  T,MIAMI,  24000, 9.35,M,  1,NGVD29,03090202,21,F,NNNNNNNNNNNNNNNNNNNNNNNNNNNNNN,19791113,,,,EST,Y,C,YYNNNYNN,N400BISCYN,112BSCNN,U,95.5,,D,2080-00200
USGS,255225080112401,F  - 228,GW,255225,0801124,25.87398436,-80.1897695,M,U,NAD27,NAD83,122,12,086,US,      S   T     R,,,,,,,03090202,21,,NNNNNNNNNNNNNNNNNNNNNNNNNNNNNN,,,,,EST,Y,C,YYNNNNNN,,,,114,,,459832500
USGS,255228080155901,D  - 190,GW,255228,0801559,25.87481786,-80.26616088,M,U,NAD27,NAD83,122,12,086,US,      S   T     R,,,,,,,03090202,21,,NNNNNNNNNNNNNNNNNNNNNNNNNNNNNN,,,,,EST,Y,C,YYNNNNNN,,,,51.7,,,459832500
USGS,255228080160001,D  - 191,GW,255228,0801600,25.87481787,-80.2664387,M,U,NAD27,NAD83,122,12,086,US,      S   T     R,,,,,,,03090202,21,,NNNNNNNNNNNNNNNNNNNNNNNNNNNNNN,,,,,EST,Y,C,YYNNNNNN,,,,51.5,,,459832500
USGS,255229080155801,D  - 189,GW,255229,0801558,25.87509563,-80.2658831,M,U,NAD27,NAD83,122,12,086,US,      S   T     R,,,,,,,03090202,21,,NNNNNNNNNNNNNNNNNNNNNNNNNNNNNN,,,,,EST,Y,C,YYNNNNNN,,,,53.2,,,459832500
USGS,255232080100801,S  - 297,GW,255232,0801008,25.87592868,-80.1686577,M,U,NAD27,NAD83,122,12,086,US,      S   T     R,,,,,,,03090202,21,,NNNNNNNNNNNNNNNNNNNNNNNNNNNNNN,,,,,EST,Y,C,YNNNNNNN,,,,40,,,459832500
USGS,255234080105801,G  -1357,GW,255224,0801058,25.87370658,-80.182547,M,S,NAD27,NAD83,122,12,086,US,SENWSES31 T52S  R42E  T,,, 4.00,M,5.,NGVD29,03090202,21,T,NNNNNNNNNNNNNNNNNNNNNNNNNNNNNN,19680101,,,,EST,Y,C,YYNYNNNN,,,,75,,,459832500
USGS,255243080100801,S  - 301,GW,255243,0801008,25.87898413,-80.1686577,M,U,NAD27,NAD83,122,12,086,US,      S   T     R,,,,,,,03090202,21,,NNNNNNNNNNNNNNNNNNNNNNNNNNNNNN,,,,,EST,Y,C,YYNNNNNN,,,,100,,,459832500
USGS,255246080121301,F  - 190,GW,255246,0801213,25.8798175,-80.20338109,M,U,NAD27,NAD83,122,12,086,US,      S   T     R,,,,,,,03090202,21,,NNNNNNNNNNNNNNNNNNNNNNNNNNNNNN,,,,,EST,Y,C,YYNNNNNN,,,,100,,,459832500
USGS,255250080220201,G  -3168,GW,255250,0802202,25.880929,-80.3669969,M,U,NAD27,NAD83,122,12,086,US,      S   T     R,,,,,,,03090202,21,,NNNNNNNNNNNNNNNNNNNNNNNNNNNNNN,,,,,EST,Y,C,NYNNNNNN,,,,20,,,459832500
USGS,255250080220202,G  -3169,GW,255250,0802202,25.880929,-80.3669969,M,U,NAD27,NAD83,122,12,086,US,      S   T     R,,,,,,,03090202,21,,NNNNNNNNNNNNNNNNNNNNNNNNNNNNNN,,,,,EST,Y,C,NYNNNNNN,,,,20,,,459832500
USGS,255259080193001,S  - 933,GW,254400,0801940,25.73371203,-80.327552,M,U,NAD27,NAD83,122,12,086,US,      S   T     R,,,,,,,03090202,21,,NNNNNNNNNNNNNNNNNNNNNNNNNNNNNN,,,,,EST,Y,C,NYNNNNNN,,,,66,,,459832500
USGS,255300080215001,WELL GENERAL ELECROPLATING MIAMI FL,GW,255300,0802150,25.88370668,-80.3636634,M,U,NAD27,NAD83,122,12,086,US,      S   T     R,,,,,,,03090202,21,,NNNNNNNNNNNNNNNNNNNNNNNNNNNNNN,,,,,EST,Y,C,NNNNNNNN,,,,,,,
USGS,255304080131601,S  -3131,GW,255307.0,0801313.6,25.88527778,-80.2204444,G,1,NAD83,NAD83,122,12,086,US,,,,,,,,03090202,21,F,NNNNNNNNNNNNNNNNNNNNNNNNNNNNNN,,,,,EST,Y,U,YYYNNNNN,N400BISCYN,112BSCNN,U,60,,O,459832500
USGS,255307080130001,NORTH MIAMI WTP SPIGOT,GW,255307.1,0801259.7,25.88530556,-80.2165833,G,S,NAD83,NAD83,122,12,086,US,      S   T     R,,,,,,,03090206,,F,NNNNNNNNNNNNNNNNNNNNNNNNNNNNNN,,20091008,,,EST,Y,C,,N400BISCYN,112BSCNN,U,,,,
USGS,255315080111501,F  - 279,GW,255317.79,0801114.66,25.888275,-80.1874056,S,H,NAD83,NAD83,122,12,086,US,SWSESES30 T52S  R42E  T,NORTH MIAMI,  24000, 7.5,L, .5,NGVD29,03090202,21,F,NNNNNNNNNNNNNNNNNNNNNNNNNNNNNN,,19391201,,,EST,Y,C,YYNYNYNN,N400BISCYN,112BSCNN,U,117,,S,2080-00200
USGS,255318080094801,S  - 298,GW,255318,0800948,25.88870598,-80.1631019,M,U,NAD27,NAD83,122,12,086,US,,,,,,,,03090202,21,,NNNNNNNNNNNNNNNNNNNNNNNNNNNNNN,,,,,EST,Y,C,YNNNNNNN,,,,18,,,459832500
USGS,255324080111601,F  - 280,GW,255324,0801116,25.89037265,-80.1875472,M,U,NAD27,NAD83,122,12,086,US,      S   T     R,,,,,,,03090202,21,,NNNNNNNNNNNNNNNNNNNNNNNNNNNNNN,,,,,EST,Y,C,YNNNNNNN,,,,137,,,459832500
USGS,255326080102001,F  - 274,GW,255326,0801020,25.89092815,-80.1719911,M,U,NAD27,NAD83,122,12,086,US,,,,,,,,03090202,21,,NNNNNNNNNNNNNNNNNNNNNNNNNNNNNN,,,,,EST,Y,C,YNNNNNNN,,,,43.5,,,459832500
USGS,255333080101401,S  - 257,GW,255333,0801014,25.8928725,-80.17032439,M,U,NAD27,NAD83,122,12,086,US,      S   T     R,,,,,,,03090202,21,,NNNNNNNNNNNNNNNNNNNNNNNNNNNNNN,,,,,EST,Y,C,YNNNNNNN,,,,18,,,459832500
USGS,255334080225301,S  - 422,GW,255334,0802253,25.8931508,-80.3811639,M,U,NAD27,NAD83,122,12,086,US,,,,,,,,03090202,21,,NNNNNNNNNNNNNNNNNNNNNNNNNNNNNN,,,,,EST,Y,C,YNNNNNNN,,,,40,,,459832500
USGS,255340080224501,G  - 187,GW,255340,0802245,25.8948174,-80.3789416,M,S,NAD27,NAD83,122,12,086,US,  SWNES30 T52S  R40E  T,,, 7.63,U,.01,NGVD29,03090202,21,F,NNNNNNNNNNNNNNNNNNNNNNNNNNNNNN,19401118,,,,EST,Y,C,YYNNNNNN,,,,222,,S,459800200
USGS,255347080160401,S  - 230,GW,255347,0801604,25.8967615,-80.2675497,M,U,NAD27,NAD83,122,12,086,US,,,,,,,,03090202,21,,NNNNNNNNNNNNNNNNNNNNNNNNNNNNNN,,,,,EST,Y,C,YNNNNNNN,,,,60,,,459832500
USGS,255350080105801,G  - 894,GW,255351.7,0801057.2,25.89769444,-80.1825556,G,1,NAD83,NAD83,122,12,086,US,NENENWS30 T52S  R42E  T,,, 8.70,L, .1,NGVD29,03090202,21,F,NNNNNNNNNNNNNNNNNNNNNNNNNNNNNN,19590101,,,,EST,Y,C,YYNYNYNN,N400BISCYN,112BSCNN,,76,,,2080-00200
USGS,255350080154501,S  - 232,GW,255350,0801545,25.8975948,-80.2622718,M,U,NAD27,NAD83,122,12,086,US,      S   T     R,,,,,,,03090202,21,,NNNNNNNNNNNNNNNNNNNNNNNNNNNNNN,,,,,EST,Y,C,YNNNNNNN,,,,64,,,459832500
USGS,255357080114201,G  - 430,GW,255357,0801142,25.899539,-80.1947696,M,S,NAD27,NAD83,122,12,086,US,      S19 T52S  R42E  S,"NORTH MIAMI, FL",  24000, 4,N,4.3,NAVD88,03090206,21,F,NNNNNNNNNNNNNNNNNNNNNNNNNNNNNN,19460301,19460308,,,EST,Y,C,YYNYNYNN,N400BISCYN,112BSCNN,U,97.5,,O,459800200
USGS,255358080114101,G  -3601D,GW,255400.71,0801141.38,25.90019722,-80.19482778,S,H,NAD83,NAD83,122,12,086,US,SWSWSWS19 T52S  R42E  T,,,7.15,L,0.0,NGVD29,03090202,,F,NNNNNNNNNNNNNNNNNNNNNNNNNNNNNN,19950912,19960117,,,EST,Y,C,YYNNNYNNNNNNNNNNNNNN,N400BISCYN,112BSCNN,U,190.0,190.0,D,2080-00200
USGS,255358080114102,G  -3601I,GW,255400.63,0801141.19,25.900175,-80.194775,S,H,NAD83,NAD83,122,12,086,US,,,, 6.62,L,.01,NGVD29,03090202,,,YNNNNNNNNNNNNNNNNNNNNNNNNNNNNN,20151112,,,,EST,Y,C,YY   Y,N400BISCYN,112BSCNN,U,105,151,S,E2J04
USGS,255358080114103,G  -3601S,GW,255400.68,0801141.26,25.90018889,-80.1947944,S,H,NAD83,NAD83,122,12,086,US,,,, 6.83,L,.01,NGVD29,03090202,,,YNNNNNNNNNNNNNNNNNNNNNNNNNNNNN,20160926,,,,EST,Y,C,YY   Y,N400BISCYN,112BSCNN,U,75,80,S,E2J04
USGS,255404080153301,S  - 311,GW,255404,0801533,25.90148356,-80.2589384,M,U,NAD27,NAD83,122,12,086,US,      S   T     R,,,,,,,03090202,21,,NNNNNNNNNNNNNNNNNNNNNNNNNNNNNN,,,,,EST,Y,C,YYNNNNNN,,,,53.6,,,459832500
USGS,255405080145201,"OPA-LOCKA, FLA",GW,255405,0801452,25.9017613,-80.2475492,M,U,NAD27,NAD83,122,12,086,US,,,,,,,,03090202,21,,NNNNNNNNNNNNNNNNNNNNNNNNNNNNNN,,,,,EST,Y,C,NNNNNNNN,,,,,,,
USGS,255405080154301,S  -  69,GW,255405,0801543,25.90176133,-80.2617162,M,U,NAD27,NAD83,122,12,086,US,      S   T     R,,,,,,,03090202,21,,NNNNNNNNNNNNNNNNNNNNNNNNNNNNNN,,,,,EST,Y,C,YNNNNNNN,,,,72,,,459832500
USGS,255406080093701,S  - 273,GW,255406,0800937,25.9020388,-80.1600462,M,U,NAD27,NAD83,122,12,086,US,      S   T     R,,,,,,,03090202,21,,NNNNNNNNNNNNNNNNNNNNNNNNNNNNNN,,,,,EST,Y,C,YNNNNNNN,,,,18,,,459832500
USGS,255410080110001,S  - 557,GW,255410,0801100,25.90314996,-80.1831026,M,U,NAD27,NAD83,122,12,086,US,      S7  T52S  R42E,,,,,,,03090202,21,,NNNNNNNNNNNNNNNNNNNNNNNNNNNNNN,,,,,EST,Y,C,YYNNNNNN,,,,83.4,,,459832500
USGS,255414080093101,S  - 302,GW,255414,0800931,25.90426096,-80.1583795,M,U,NAD27,NAD83,122,12,086,US,,,,,,,,03090202,21,,NNNNNNNNNNNNNNNNNNNNNNNNNNNNNN,,,,,EST,Y,C,YNNNNNNN,,,,20,,,459832500
USGS,255415080114401,G -5006D,GW,255414.95,0801143.94,25.90415278,-80.19553889,G,1,NAD83,NAD83,122,12,086,US,,"NORTH MIAMI, FL",  24000, 5.99,X,.16,NAVD88,03090202,,,NNNNNNNNNNNNNNNNNNNNNNNNNNNNNN,20190911,,,,EST,Y,C,YY   Y,N400BISCYN,112BSCNN,U,205,205,S,SALTFRONT
USGS,255415080114402,G -5006S,GW,255414.95,0801143.94,25.90415278,-80.19553889,G,1,NAD83,NAD83,122,12,086,US,,"NORTH MIAMI, FL",  24000, 5.99,X,.16,NAVD88,03090202,,,NNNNNNNNNNNNNNNNNNNNNNNNNNNNNN,20190911,,,,EST,Y,C,YY   Y,N400BISCYN,112BSCNN,U,75,205,S,SALTFRONT
USGS,255418080152301,F  -  27,GW,255418,0801523,25.9053723,-80.2561605,M,U,NAD27,NAD83,122,12,086,US,      S   T     R,,,,,,,03090202,21,,NNNNNNNNNNNNNNNNNNNNNNNNNNNNNN,,,,,EST,Y,C,YNNNNNNN,,,,52.8,,,459832500
USGS,255419080093101,S  - 277,GW,255419,0800931,25.9056498,-80.1583795,M,U,NAD27,NAD83,122,12,086,US,,,,,,,,03090202,21,,NNNNNNNNNNNNNNNNNNNNNNNNNNNNNN,,,,,EST,Y,C,YNNNNNNN,,,,55,,,459832500
USGS,255423080114401,S  - 384,GW,255423,0801144,25.90676097,-80.19532519,M,U,NAD27,NAD83,122,12,086,US,      S   T     R,,,,,,,03090202,21,,NNNNNNNNNNNNNNNNNNNNNNNNNNNNNN,,,,,EST,Y,C,YYNNNNNN,,,,63.5,,,459832500
USGS,255430080111701,S  - 267,GW,255430,0801117,25.9087053,-80.1878249,M,U,NAD27,NAD83,122,12,086,US,      S   T     R,,,,,,,03090202,21,,NNNNNNNNNNNNNNNNNNNNNNNNNNNNNN,,,,,EST,Y,C,YNNNNNNN,,,,54,,,459832500
USGS,255431080113501,F  - 216,GW,255431,0801135,25.9089831,-80.1928251,M,U,NAD27,NAD83,122,12,086,US,      S   T     R,,,,,,,03090202,21,,NNNNNNNNNNNNNNNNNNNNNNNNNNNNNN,,,,,EST,Y,C,YNNNNNNN,,,,48.5,,,459832500
USGS,255432080111701,S  - 265,GW,255432,0801117,25.90926086,-80.1878249,M,U,NAD27,NAD83,122,12,086,US,      S   T     R,,,,,,,03090202,21,,NNNNNNNNNNNNNNNNNNNNNNNNNNNNNN,,,,,EST,Y,C,YNNNNNNN,,,,47,,,459832500
USGS,255433080113501,F  - 215,GW,255433,0801135,25.90953864,-80.1928251,M,U,NAD27,NAD83,122,12,086,US,      S   T     R,,,,,,,03090202,21,,NNNNNNNNNNNNNNNNNNNNNNNNNNNNNN,,,,,EST,Y,C,YNNNNNNN,,,,55.6,,,459832500
USGS,255437080094901,G  - 893,GW,255437,0800949,25.91064963,-80.1633797,M,U,NAD27,NAD83,122,12,086,US,NESENES20 T52S  R42E  T,,, 9.34,L,.1,NGVD29,03090202,21,F,NNNNNNNNNNNNNNNNNNNNNNNNNNNNNN,19590101,,,,EST,Y,C,YYNYNNNN,,,,133,,,459832500
USGS,255438080111701,S  - 264,GW,255438,0801117,25.91092747,-80.1878249,M,U,NAD27,NAD83,122,12,086,US,      S   T     R,,,,,,,03090202,21,,NNNNNNNNNNNNNNNNNNNNNNNNNNNNNN,,,,,EST,Y,C,YNNNNNNN,,,,49.5,,,459832500
USGS,255443080092801,S  - 299,GW,255443,0800928,25.9123162,-80.1575461,M,U,NAD27,NAD83,122,12,086,US,      S   T     R,,,,,,,03090202,21,,NNNNNNNNNNNNNNNNNNNNNNNNNNNNNN,,,,,EST,Y,C,YNNNNNNN,,,,40,,,459832500
USGS,255453080110801,G -3978,GW,255453.08,0801108.00,25.91474444,-80.1855556,S,H,NAD83,NAD83,122,12,086,US,,,, 5.17,L,.01,NGVD29,03090202,,,NNNNNNNNNNNNNNNNNNNNNNNNNNNNNN,20160203,,,,EST,Y,C,YY   Y,N400BISCYN,112BSCNN,U,270,271,S,
USGS,255506080085502,MIAMI-DADE N3L,GW,255506.45,0800855.23,25.91845833,-80.148675,G,S,NAD83,NAD83,122,12,086,US,      S   T     R,,,,,,,03090202,,F,NNNNNNNNNNNNNNNNNNNNNNNNNNNNNN,,,,,EST,Y,C,,S400FLORDN,120FLRD,,1410,1510,A,2080B8W01
USGS,255514080085202,MIAMI-DADE N1L,GW,255514.21,0800852.22,25.92061389,-80.14783889,G,S,NAD83,NAD83,122,12,086,US,,,,,,,,03090202,,F,NNNNNNNNNNNNNNNNNNNNNNNNNNNNNN,,,,,EST,Y,C,,S400FLORDN,120FLRD,,1410,1513,A,2080B8W01
USGS,255515080103601,G  -3948 D,GW,255514.9,0801036.2,25.92080556,-80.1767222,G,5,NAD83,NAD83,122,12,086,US,NENWSWS17 T52S  R42E  T,NORTH MIAMI,  24000, 11.87,L, .5,NGVD29,03090202,21,F,NNNNNNNNNNNNNNNNNNNNNNNNNNNNNN,,,,,EST,Y,C,YY   Y,N400BISCYN,112BSCNN,U,273,279,O,SaltMap
USGS,255515080103602,G  -3948 S,GW,255514.9,0801036.2,25.92080556,-80.1767222,G,5,NAD83,NAD83,122,12,086,US,,,, 11.87,L, .5,NGVD29,03090202,,,NNNNNNNNNNNNNNNNNNNNNNNNNNNNNN,,,,,EST,Y,C,YY   Y,N400BISCYN,112BSCNN,U,121.5,279,O,SaltMap
USGS,255517080092301,D  - 151,GW,255517,0800923,25.9217603,-80.15615718,M,F,NAD27,NAD83,122,12,086,US,SWNENES16 T52S  R42E  T,,,,,,,03090202,21,F,NNNNNNNNNNNNNNNNNNNNNNNNNNNNNN,,,,,EST,Y,C,NYNYNNNN,,,,176,,,459832500
USGS,255522080092901,S  - 304,GW,255522,0800929,25.92314916,-80.1578239,M,F,NAD27,NAD83,122,12,086,US,      S16 T52S  R42E  T,,,,,,,03090202,21,T,NNNNNNNNNNNNNNNNNNNNNNNNNNNNNN,19240101,,,,EST,Y,C,YYNYNNNN,,,,75.8,,,459832500
USGS,255523080091401,G  -  42,GW,255523,0800914,25.9234269,-80.1536571,M,U,NAD27,NAD83,122,12,086,US,      S   T     R,,,,,,,03090202,21,,NNNNNNNNNNNNNNNNNNNNNNNNNNNNNN,,,,,EST,Y,C,YYNNNNNN,,,,14.3,,,459832500
USGS,255526080114701,G  -1643,GW,255526,0801147,25.92426034,-80.1961585,M,F,NAD27,NAD83,122,12,086,US,NWNWSES18 T52S  R42E  T,,,,,,,03090202,21,F,NNNNNNNNNNNNNNNNNNNNNNNNNNNNNN,19720101,,,,EST,Y,C,YYNYNNNN,,,,12.1,,,459832500
USGS,255526080114702,G  -1644,GW,255526,0801147,25.92426034,-80.1961585,M,F,NAD27,NAD83,122,12,086,US,NWNWSES18 T52S  R42E  T,,,,,,,03090202,21,F,NNNNNNNNNNNNNNNNNNNNNNNNNNNNNN,19720101,,,,EST,Y,C,YYNYNNNN,,,,22.2,,,459832500
USGS,255526080143001,S  -  18,GW,255528.7,0801430.2,25.92463889,-80.2417222,G,S,NAD83,NAD83,122,12,086,US,  NWNWS15 T52S  R41E  T,,, 9.1,L, .1,NGVD29,03090202,21,F,NNNNYNNNNNNNNNNNNNNNNNNNNNNNNN,19390101,,,,EST,Y,C,YYNYNYNN,N400BISCYN,112BSCNN,,52,,,2080-00200
USGS,255527080114701,G  -1630,GW,255527,0801147,25.9245381,-80.1961585,M,F,NAD27,NAD83,122,12,086,US,NWNWSES18 T52S  R42E  T,"NORTH MIAMI, FL",  24000, 9,N,4.3,NAVD88,03090206,21,F,NNNNNNNNNNNNNNNNNNNNNNNNNNNNNN,19710101,,,,EST,Y,C,YYNYNYNN,,,,11.4,,,459832500
USGS,255527080114702,G  -1631,GW,255527,0801147,25.9245381,-80.1961585,M,F,NAD27,NAD83,122,12,086,US,NWNWSES18 T52S  R42E  T,"NORTH MIAMI, FL",  24000, 9,N,4.3,NAVD88,03090206,21,F,NNNNNNNNNNNNNNNNNNNNNNNNNNNNNN,19710101,,,,EST,Y,C,YYNYNYNN,,,,21.4,,,459832500
USGS,255527080114703,G  -1632,GW,255527,0801147,25.9245381,-80.1961585,M,F,NAD27,NAD83,122,12,086,US,NWNWSES18 T52S  R42E  T,"NORTH MIAMI, FL",  24000, 9,N,4.3,NAVD88,03090206,21,F,NNNNNNNNNNNNNNNNNNNNNNNNNNNNNN,19710101,,,,EST,Y,C,YYNYNYNN,,,,31.7,,,459832500
USGS,255527080114704,G  -1633,GW,255527,0801147,25.9245381,-80.1961585,M,F,NAD27,NAD83,122,12,086,US,NWNWSES18 T52S  R42E  T,"NORTH MIAMI, FL",  24000, 9,N,4.3,NAVD88,03090206,21,F,NNNNNNNNNNNNNNNNNNNNNNNNNNNNNN,19710101,,,,EST,Y,C,YYNYNYNN,,,,45.1,,,459832500
USGS,255527080114705,G  -1634,GW,255527,0801147,25.9245381,-80.1961585,M,F,NAD27,NAD83,122,12,086,US,NWNWSES18 T52S  R42E  T,"NORTH MIAMI, FL",  24000, 9,N,4.3,NAVD88,03090206,21,F,NNNNNNNNNNNNNNNNNNNNNNNNNNNNNN,19710101,,,,EST,Y,C,YYNYNYNN,,,,60.4,,,459832500
USGS,255528080091401,S  - 303,GW,255528,0800914,25.92481575,-80.1536571,M,U,NAD27,NAD83,122,12,086,US,      S   T     R,,,,,,,03090202,21,,NNNNNNNNNNNNNNNNNNNNNNNNNNNNNN,,,,,EST,Y,C,YYNNNNNN,,,,22,,,459832500
USGS,255528080160901,S  - 801,GW,255528,0801609,25.92481608,-80.2689386,M,U,NAD27,NAD83,122,12,086,US,      S   T     R,,,,,,,03090202,21,,NNNNNNNNNNNNNNNNNNNNNNNNNNNNNN,,,,,EST,Y,C,YYNNNNNN,,,,60,,,459832500
USGS,255530080091301,S  -  58,GW,255530,0800913,25.92537129,-80.1533793,M,U,NAD27,NAD83,122,12,086,US,      S   T     R,,,,,,,03090202,21,,NNNNNNNNNNNNNNNNNNNNNNNNNNNNNN,,,,,EST,Y,C,YYNNNNNN,,,,36,,,459832500
USGS,255531080103701,S  - 270,GW,255540,0801037,25.92814903,-80.1767134,M,U,NAD27,NAD83,122,12,086,US,      S   T     R,,,,,,,03090202,21,,NNNNNNNNNNNNNNNNNNNNNNNNNNNNNN,,,,,EST,Y,C,YNNNNNNN,,,,20,,,459832500
USGS,255540080091001,S  - 300,GW,255540,0800910,25.92814896,-80.1525459,M,U,NAD27,NAD83,122,12,086,US,      S   T     R,,,,,,,03090202,21,,NNNNNNNNNNNNNNNNNNNNNNNNNNNNNN,,,,,EST,Y,C,YNNNNNNN,,,,30,,,459832500
USGS,255544080124201,S  - 272,GW,255544,0801242,25.9292602,-80.2114368,M,U,NAD27,NAD83,122,12,086,US,,,,,,,,03090202,21,,NNNNNNNNNNNNNNNNNNNNNNNNNNNNNN,,,,,EST,Y,C,YNNNNNNN,,,,55,,,459832500
USGS,255554080105201,S  - 252,GW,255554,0801052,25.93203779,-80.1808802,M,U,NAD27,NAD83,122,12,086,US,      S   T     R,,,,,,,03090202,21,,NNNNNNNNNNNNNNNNNNNNNNNNNNNNNN,,,,,EST,Y,C,YNNNNNNN,,,,32,,,459832500
USGS,255608080105801,S  - 255,GW,255608,0801058,25.93592655,-80.1825469,M,U,NAD27,NAD83,122,12,086,US,      S   T     R,,,,,,,03090202,21,,NNNNNNNNNNNNNNNNNNNNNNNNNNNNNN,,,,,EST,Y,C,YNNNNNNN,,,,65,,,459832500
USGS,255612080110801,S  - 585,GW,255612,0801108,25.9370376,-80.1853248,M,U,NAD27,NAD83,122,12,086,US,      S   T     R,,,,,,,03090202,21,,NNNNNNNNNNNNNNNNNNNNNNNNNNNNNN,,,,,EST,Y,C,YYNNNNNN,,,,133,,,459832500
USGS,255613080110201,S  - 254,GW,255613,0801102,25.93731539,-80.183658,M,U,NAD27,NAD83,122,12,086,US,      S   T     R,,,,,,,03090202,21,,NNNNNNNNNNNNNNNNNNNNNNNNNNNNNN,,,,,EST,Y,C,YNNNNNNN,,,,35,,,459832500
USGS,255618080104001,"NO MIA BEACH, FLA",GW,255618,0801049,25.9387042,-80.1800468,M,U,NAD27,NAD83,122,12,086,US,      S   T     R,,,,,,,03090202,21,,NNNNNNNNNNNNNNNNNNNNNNNNNNNNNN,,,,,EST,Y,C,NNNNNNNN,,,,,,,
USGS,255621080110601,S  - 259,GW,255621,0801106,25.93953753,-80.18476919,M,U,NAD27,NAD83,122,12,086,US,      S   T     R,,,,,,,03090202,21,,NNNNNNNNNNNNNNNNNNNNNNNNNNNNNN,,,,,EST,Y,C,YNNNNNNN,,,,42,,,459832500
USGS,255623080110701,S  - 258,GW,255623,0801107,25.94009307,-80.185047,M,U,NAD27,NAD83,122,12,086,US,,,,,,,,03090202,21,,NNNNNNNNNNNNNNNNNNNNNNNNNNNNNN,,,,,EST,Y,C,YNNNNNNN,,,,85,,,459832500
USGS,255623080154201,S  - 802,GW,255715,0801542,25.9545372,-80.2614382,M,U,NAD27,NAD83,122,12,086,US,      S   T     R,,,,,,,03090202,21,,NNNNNNNNNNNNNNNNNNNNNNNNNNNNNN,,,,,EST,Y,C,YYNNNNNN,,,,51.5,,,459832500
USGS,255625080094901,G  -3705,GW,255626.40,0800947.52,25.94066667,-80.1632,G,S,NAD83,NAD83,122,12,086,US,  NWNWS09 T52S  R42E  T,,, 9.1,R, .5,NGVD29,03090202,21,F,NNNNNNNNNNNNNNNNNNNNNNNNNNNNNN,,,,,EST,Y,M,YYNNNYNN,N400BISCYN,112BSCNN,U,135,137,D,2080-00200
USGS,255626080093201,G  -3600,GW,255626,0800932,25.94092629,-80.1586572,M,S,NAD27,NAD83,122,12,086,US,SWNENWS09 T52S  R42E  T,,, 9.2,U, .1,NGVD29,03090202,21,F,NNNNNNNNNNNNNNNNNNNNNNNNNNNNNN,19950818,19960117,,,EST,Y,C,YYNNNYNN,N400BISCYN,112BSCNN,U,200,200,D,2080-00200
USGS,255627080142801,S  - 283,GW,255627,0801428,25.9412043,-80.2408821,M,U,NAD27,NAD83,122,12,086,US,,,,,,,,03090202,21,,NNNNNNNNNNNNNNNNNNNNNNNNNNNNNN,,,,,EST,Y,C,YNNNNNNN,,,,65,,,459832500
USGS,255627080142802,S  - 295,GW,255627,0801428,25.9412043,-80.2408821,M,U,NAD27,NAD83,122,12,086,US,,,,,,,,03090202,21,,NNNNNNNNNNNNNNNNNNNNNNNNNNNNNN,,,,,EST,Y,C,YNNNNNNN,,,,104,,,459832500
USGS,255628080154201,G  - 185,GW,255628,0801542,25.94148213,-80.2614383,M,U,NAD27,NAD83,122,12,086,US,,,, 7.24,U,.01,NGVD29,03090202,21,,NNNNNNNNNNNNNNNNNNNNNNNNNNNNNN,19401022,,,,EST,Y,C,YYNNNNNN,,,,106,301,L,459832500
USGS,255639080100401,G -5007D,GW,255638.64,0801003.62,25.944067,-80.167672,G,1,NAD83,NAD83,122,12,086,US,,"NORTH MIAMI, FL",24000,12.0,N,0.01,NAVD88,03090202,,,NNNNNNNNNNNNNNNNNNNNNNNNNNNNNN,20191119,,,,EST,Y,C,YY   Y,N400BISCYN,112BSCNN,U,289.5,347.0,S,SALT FRONT
USGS,255639080100402,G -5007S,GW,255638.64,0801003.62,25.94406667,-80.1676722,G,1,NAD83,NAD83,122,12,086,US,,"NORTH MIAMI, FL",24000,12,N,4.3,NAVD88,03090202,,,NNNNNNNNNNNNNNNNNNNNNNNNNNNNNN,20191119,,,,EST,Y,C,YY   Y,N400BISCYN,112BSCNN,U,289.5,347,S,SALTFRONT
USGS,255641080092501,G  -1358,GW,255641,0800925,25.9450928,-80.1567127,M,S,NAD27,NAD83,122,12,086,US,SESWSWS04 T52S  R42E  T,,, 10.00,M,5.,NGVD29,03090202,21,T,NNNNNNNNNNNNNNNNNNNNNNNNNNNNNN,19680101,,,,EST,Y,C,YYNYNYNN,,,,87,,,459832500
USGS,255641080104601,S  - 244,GW,255641,0801046,25.94509287,-80.1792134,M,U,NAD27,NAD83,122,12,086,US,      S   T     R,,,,,,,03090202,21,L,NNNNNNNNNNNNNNNNNNNNNNNNNNNNNN,,,,,EST,Y,C,YNNNNNNN,,,,26,,,459832500
USGS,255647080092201,S  - 381,GW,255647,0800922,25.9467594,-80.1558793,M,U,NAD27,NAD83,122,12,086,US,,,,,,,,03090202,21,,NNNNNNNNNNNNNNNNNNNNNNNNNNNNNN,,,,,EST,Y,C,YYNNNNNN,,,,116,,,459832500
USGS,255700080125701,NORTH MIAMI BEACH WTP SPIGOT,GW,255659.8,0801257.0,25.94994444,-80.2158333,G,S,NAD83,NAD83,122,12,086,US,,,,,,,,03090206,,F,NNNNNNNNNNNNNNNNNNNNNNNNNNNNNN,,20091104,,,EST,Y,C,,N400BISCYN,112BSCNN,U,,,,
USGS,255700080130001,S  -3081,GW,255701.7,0801256.2,25.9504722,-80.2156111,N,1,NAD83,NAD83,122,12,086,US,,,,,,,,03090202,21,F,NNNNNNNNNNNNNNNNNNNNNNNNNNNNNN,,,,,EST,Y,C,YYYNNNNN,N400BISCYN,112BSCNN,U,60,,O,459832500
USGS,255708080123301,"NO MIA, FLA",GW,255708,0801233,25.95259269,-80.2089366,M,U,NAD27,NAD83,122,12,086,US,,,,,,,,03090202,21,,NNNNNNNNNNNNNNNNNNNNNNNNNNNNNN,,,,,EST,Y,C,NNNNNNNN,,,,,,,
USGS,255710080124901,"NORWOOD-1, FLA",GW,255710,0801246,25.95314824,-80.2125478,M,U,NAD27,NAD83,122,12,086,US,      S   T     R,,,,,,,03090202,21,,NNNNNNNNNNNNNNNNNNNNNNNNNNNNNN,,,,,EST,Y,C,NNNNNNNN,,,,,,,
USGS,255724080203601,G  -2318,GW,255724,0802036,25.95703728,-80.343107,M,S,NAD27,NAD83,122,12,011,US,SWSWSWS34 T51S  R40E  T,OPA-LOCKA,24000,,,,,03090202,21,F,NNNNNNNNNNNNNNNNNNNNNNNNNNNNNN,19810610,,,,EST,Y,C,YYNNNNNN,,,,198,204,,9459832500
USGS,255728080085201,G  - 892,GW,255758,0800852,25.96648088,-80.14754569,M,U,NAD27,NAD83,122,12,086,US,NWSWSES34 T51S  R42E  T,,, 7.81,L,.1,NGVD29,03090202,21,F,NNNNNNNNNNNNNNNNNNNNNNNNNNNNNN,19590101,,,,EST,Y,C,YYNYNYNN,,,,109,,,459832500
USGS,255733080195601,G  -3949 D,GW,255733.39,0800956.5,25.959275,-80.1656944,G,S,NAD83,NAD83,122,12,086,US,SWSWSWS33 T51S  R42E  T,NORTH MIAMI,  24000, 12.3,L, .1,NGVD29,03090202,21,F,NNNNNNNNNNNNNNNNNNNNNNNNNNNNNN,,20110131,,,EST,Y,C,YY   Y,N400BISCYN,112BSCNN,U,325,349,O,SaltMap
USGS,255733080195602,G  -3949 I,GW,255733.39,0800956.50,25.959275,-80.1656944,G,5,NAD83,NAD83,122,12,086,US,SWSWSWS33 T51S  R42E  T,North Miami,  24000, 12.3,L, .1,NGVD29,03090202,21,F,NNNNNNNNNNNNNNNNNNNNNNNNNNNNNN,,,,,EST,Y,C,YY   Y,N400BISCYN,112BSCNN,U,150.8,349,O,SaltMap
USGS,255733080195603,G  -3949 S,GW,255733.39,0800956.50,25.959275,-80.1656944,G,5,NAD83,NAD83,122,12,086,US,,,, 12.33,L,.01,NGVD29,03090202,,,NNNNNNNNNNNNNNNNNNNNNNNNNNNNNN,,,,,EST,Y,C,YY   Y,N400BISCYN,112BSCNN,U,55,349,O,SaltMap
USGS,255750080164501,G  -3144,GW,255750,0801645,25.9642591,-80.2789387,M,U,NAD27,NAD83,122,12,086,US,      S   T     R,,,,,,,03090202,21,,NNNNNNNNNNNNNNNNNNNNNNNNNNNNNN,,,,,EST,Y,C,NYNNNNNN,,,,22.6,,,459832500
USGS,255750080164502,G  -3145,GW,255750,0801645,25.9642591,-80.2789387,M,U,NAD27,NAD83,122,12,086,US,      S   T     R,,,,,,,03090202,21,,NNNNNNNNNNNNNNNNNNNNNNNNNNNNNN,,,,,EST,Y,C,NYNNNNNN,,,,56.4,,,459832500
USGS,255752080173601,G  -3148,GW,255752,0801736,25.96481468,-80.2931057,M,U,NAD27,NAD83,122,12,086,US,,,,,,,,03090202,21,,NNNNNNNNNNNNNNNNNNNNNNNNNNNNNN,,,,,EST,Y,C,NYNNNNNN,,,,23,,,459832500
USGS,255752080173602,G  -3149,GW,255752,0801736,25.96481468,-80.2931057,M,U,NAD27,NAD83,122,12,086,US,      S   T     R,,,,,,,03090202,21,,NNNNNNNNNNNNNNNNNNNNNNNNNNNNNN,,,,,EST,Y,C,NYNNNNNN,,,,54.9,,,459832500
USGS,255800080171201,G  -3152,GW,255800,0801712,25.9670368,-80.2864389,M,U,NAD27,NAD83,122,12,086,US,,,,,,,,03090202,21,,NNNNNNNNNNNNNNNNNNNNNNNNNNNNNN,,,,,EST,Y,C,NYNNNNNN,,,,23,,,459832500
USGS,255800080171202,G  -3153,GW,255800,0801712,25.9670368,-80.2864389,M,U,NAD27,NAD83,122,12,086,US,,,,,,,,03090202,21,,NNNNNNNNNNNNNNNNNNNNNNNNNNNNNN,,,,,EST,Y,C,NYNNNNNN,,,,60.3,,,459832500
USGS,255801080102501,G  -3063,GW,255801,0801025,25.96731427,-80.1733799,M,U,NAD27,NAD83,122,12,086,US,      S   T     R,,,,,,,03090202,21,,NNNNNNNNNNNNNNNNNNNNNNNNNNNNNN,,,,,EST,Y,C,YYNNNNNN,,,,18.1,,,459832500
USGS,255802080101001,G  -3064,GW,255802,0801010,25.967592,-80.169213,M,U,NAD27,NAD83,122,12,086,US,,,,,,,,03090202,21,,NNNNNNNNNNNNNNNNNNNNNNNNNNNNNN,,,,,EST,Y,C,YYNNNNNN,,,,16,,,459832500
USGS,255805080100501,G  -3067,GW,255812,0801005,25.9703697,-80.1678241,M,U,NAD27,NAD83,122,12,086,US,      S   T     R,,,,,,,03090202,21,,NNNNNNNNNNNNNNNNNNNNNNNNNNNNNN,,,,,EST,Y,C,YYNNNNNN,,,,15.9,,,459832500
USGS,255805080100502,G  -3068,GW,255812,0801005,25.9703697,-80.1678241,M,U,NAD27,NAD83,122,12,086,US,,,,,,,,03090202,21,,NNNNNNNNNNNNNNNNNNNNNNNNNNNNNN,,,,,EST,Y,C,YYNNNNNN,,,,31.7,,,459832500
USGS,255810080101501,G  -3065,GW,255810,0801015,25.96981417,-80.17060199,M,U,NAD27,NAD83,122,12,086,US,,,,,,,,03090202,21,,NNNNNNNNNNNNNNNNNNNNNNNNNNNNNN,,,,,EST,Y,C,YYNNNNNN,,,,14.9,,,459832500
USGS,255810080101502,G  -3066,GW,255810,0801015,25.96981417,-80.17060199,M,U,NAD27,NAD83,122,12,086,US,,,,,,,,03090202,21,,NNNNNNNNNNNNNNNNNNNNNNNNNNNNNN,,,,,EST,Y,C,YYNNNNNN,,,,31.6,,,459832500
USGS,255810080173601,G  -3150,GW,255810,0801736,25.9698145,-80.2931057,M,U,NAD27,NAD83,122,12,086,US,      S   T     R,,,,,,,03090202,21,,NNNNNNNNNNNNNNNNNNNNNNNNNNNNNN,,,,,EST,Y,C,NYNNNNNN,,,,22.8,,,459832500
USGS,255810080173602,G  -3151,GW,255810,0801736,25.9698145,-80.2931057,M,U,NAD27,NAD83,122,12,086,US,      S   T     R,,,,,,,03090202,21,,NNNNNNNNNNNNNNNNNNNNNNNNNNNNNN,,,,,EST,Y,C,NYNNNNNN,,,,52.8,,,459832500
USGS,255811080184201,G  -3154,GW,255811,0801842,25.9700923,-80.3114395,M,U,NAD27,NAD83,122,12,011,US,      S   T     R,,,,,,,03090202,21,,NNNNNNNNNNNNNNNNNNNNNNNNNNNNNN,,,,,EST,Y,C,YNNNNNNN,,,,23,,,459832500
USGS,255811080184202,G  -3155,GW,255811,0801842,25.9700923,-80.3114395,M,U,NAD27,NAD83,122,12,011,US,      S   T     R,,,,,,,03090202,21,,NNNNNNNNNNNNNNNNNNNNNNNNNNNNNN,,,,,EST,Y,C,YNNNNNNN,,,,47,,,459832500
USGS,255812080101001,G  -3069,GW,255812,0801010,25.9703697,-80.169213,M,U,NAD27,NAD83,122,12,086,US,      S   T     R,,,,,,,03090202,21,,NNNNNNNNNNNNNNNNNNNNNNNNNNNNNN,,,,,EST,Y,C,YYNNNNNN,,,,25.9,,,459832500
USGS,255813080164201,G  -3146,GW,255813,0801642,25.97064778,-80.2781053,M,U,NAD27,NAD83,122,12,086,US,      S   T     R,,,,,,,03090202,21,,NNNNNNNNNNNNNNNNNNNNNNNNNNNNNN,,,,,EST,Y,C,NYNNNNNN,,,,23,,,459832500
USGS,255813080164202,G  -3147,GW,255813,0801642,25.97064778,-80.2781053,M,U,NAD27,NAD83,122,12,086,US,      S   T     R,,,,,,,03090202,21,,NNNNNNNNNNNNNNNNNNNNNNNNNNNNNN,,,,,EST,Y,C,NYNNNNNN,,,,52,,,459832500
USGS,255815080164401,G  -2166,GW,255815,0801644,25.9712033,-80.2786609,M,U,NAD27,NAD83,122,12,011,US,      S   T     R,,,,,,,03090202,21,,NNNNNNNNNNNNNNNNNNNNNNNNNNNNNN,,,,,EST,Y,C,YYNNNNNN,,,,200,,,459832500
USGS,255815080184201,G  -2165,GW,255815,0801842,25.97120337,-80.3114395,M,U,NAD27,NAD83,122,12,011,US,      S   T     R,,,,,,,03090202,21,,NNNNNNNNNNNNNNNNNNNNNNNNNNNNNN,,,,,EST,Y,C,YYNNNNNN,,,,200,,,459832500
USGS,255816080193301,MIRAMAR WTP SPIGOT,GW,255816.0,0801933.4,25.9711111,-80.3259444,G,S,NAD83,NAD83,122,12,011,US,      S   T     R,,,,,,,03090206,,F,NNNNNNNNNNNNNNNNNNNNNNNNNNNNNN,,20091007,,,EST,Y,C,,N400BISCYN,112BSCNN,U,,,,
USGS,255822080103001,G  -1060,GW,255822,0801030,25.9731474,-80.1747688,M,S,NAD27,NAD83,122,12,086,US,NWNENES32 T51S  R42E  T,,, 8.43,L, .1,NGVD29,03090202,21,F,NNNNNNNNNNNNNNNNNNNNNNNNNNNNNN,19610101,,,,EST,Y,C,YYNYNYNN,N400BISCYN,112BSCNN,,12.7,,,459832500
USGS,255822080103002,G  -3070,GW,255822,0801030,25.9731474,-80.1747688,M,U,NAD27,NAD83,122,12,086,US,      S   T     R,,,,,,,03090202,21,,NNNNNNNNNNNNNNNNNNNNNNNNNNNNNN,,,,,EST,Y,C,YYNNNNNN,,,,30.7,,,459832500
USGS,255829080144801,G  -2327,GW,255829,0801448,25.975092,-80.2464378,M,S,NAD27,NAD83,122,12,011,US,NWSWSWS27 T51S  R41E  T,NORTH MIAMI,24000,,,,,03090202,21,F,NNNNNNNNNNNNNNNNNNNNNNNNNNNNNN,19810707,,,,EST,Y,C,YYNNNNNN,,,,226,280,,9459832500
USGS,255843080090901,G  -2903,GW,255845.1,0800908.1,25.97919444,-80.15225,G,1,NAD83,NAD83,122,12,011,US,SENESES28 T51S  R42E  T,,,5.1,U,0.1,NGVD29,03090202,,F,NNNNNNNNNNNNNNNNNNNNNNNNNNNNNN,19971120,19991013,,,EST,Y,U,YYNNNYNNNNNNNNNNNNNN,N400BISCYN,112BSCNN,U,155.5,165.0,D,2080-00200
USGS,255845080095301,G  -1549,GW,255845,0800953,25.979536,-80.1644907,M,F,NAD27,NAD83,122,12,011,US,SWNWNWS28 T51S  R42E  T,NORTH MIAMI,  24000, 7.00,M, 5.,NGVD29,03090202,21,F,NNNNNNNNNNNNNNNNNNNNNNNNNNNNNN,19710501,,,,EST,Y,C,YYNYNYNN,N400BISCYN,112BSCNN,,184,,,459800200
USGS,255847080090901,G  -2036,GW,255847,0800909,25.9800915,-80.152268,M,U,NAD27,NAD83,122,12,011,US,,,,,,,,03090202,21,,NNNNNNNNNNNNNNNNNNNNNNNNNNNNNN,,,,,EST,Y,C,NNNNNNNN,N400BISCYN,112BSCNN,U,160,,,
USGS,255852080134101,S  -2218,GW,255908,0801316,25.98592486,-80.2208813,M,S,NAD27,NAD83,122,12,011,US,,NORTH MIAMI,,,,,,03090202,21,F,NNNNNNNNNNNNNNNNNNNNNNNNNNNNNN,19550101,,,,EST,Y,U,YYYNNNNN,,,,110,,,459832500
USGS,255854080085601,G  -2074,GW,255854,0800856,25.98203587,-80.1486568,M,M,NAD27,NAD83,122,12,011,US,      S28 T51S  R42E  T,"NORTH MIAMI, FL",  24000, 10,N,1.6,NAVD88,03090206,21,F,NNNNNNNNNNNNNNNNNNNNNNNNNNNNNN,19730321,,,,EST,Y,C,YYNNNYNN,,,,168,,,459800200
USGS,255905080194001,G  -2374,GW,255905,0801940,25.98509179,-80.32755099,M,S,NAD27,NAD83,122,12,011,US,      S   T     R,OPA-LOCKA, 24000,,,,,03090202,21,F,NNNNNNNNNNNNNNNNNNNNNNNNNNNNNN,19840301,,,,EST,Y,C,YYNNNNNN,N400BISCYN,112BSCNN,U,100,100,O,459800200
USGS,255905080194002,G  -2374A,GW,255905,0801940,25.98509179,-80.32755099,M,S,NAD27,NAD83,122,12,011,US,      S   T     R,OPA-LOCKA, 24000,,,,,03090202,21,F,NNNNNNNNNNNNNNNNNNNNNNNNNNNNNN,19840301,,,,EST,Y,C,YYNNNNNN,N400BISCYN,112BSCNN,U,35,35,O,459800200
USGS,255910080085801,G  -2351A,GW,255911.9,0800858.0,25.98663889,-80.1494444,G,1,NAD83,NAD83,122,12,011,US,SWNWNWS27 T51S  R42E  T,"NORTH MIAMI, FL",  24000, 9,N,1.6,NAVD88,03090206,21,F,NNNNNNNNNNNNNNNNNNNNNNNNNNNNNN,19800430,,,,EST,Y,C,YYNNNYNN,,,,243,243,S,
USGS,255910080085802,G  -2294,GW,255911.9,0800858.0,25.98663889,-80.1494444,G,1,NAD83,NAD83,122,12,011,US,SWNWSWS27 T51S  R42E  T,NORTH MIAMI,  24000, 9.44,M, .1,NGVD29,03090202,21,F,NNNNNNNNNNNNNNNNNNNNNNNNNNNNNN,19800326,,,,EST,Y,C,YYNNNYNN,N400BISCYN,112BSCNN,U,139,,S,2080-00200
USGS,255910080085803,G  -2295,GW,255912.0,0800858.0,25.98666667,-80.1494444,G,1,NAD83,NAD83,122,12,011,US,SWNWNWS27 T51S  R42E  T,"NORTH MIAMI, FL",  24000, 9,N,1.6,NAVD88,03090206,21,F,NNNNNNNNNNNNNNNNNNNNNNNNNNNNNN,19800319,,,,EST,Y,C,YYNNNYNN,,,,21,21,,
USGS,255916080084501,G  -1433,GW,255916,0800845,25.98814675,-80.1456011,M,F,NAD27,NAD83,122,12,011,US,NWNENWS27 T51S  R42E  T,NORTH MIAMI,  24000, 7.00,M, 5.,NGVD29,03090202,21,F,NNNNNNNNNNNNNNNNNNNNNNNNNNNNNN,19690801,,,,EST,Y,C,YYNYNYNN,N400BISCYN,112BSCNN,,150,,,459800200
USGS,255916080085301,G  -1434,GW,255916,0800853,25.98814676,-80.1478234,M,F,NAD27,NAD83,122,12,011,US,NWNWNES27 T51S  R42E  T,NORTH MIAMI,  24000, 9.00,M, 5.,NGVD29,03090202,21,F,NNNNNNNNNNNNNNNNNNNNNNNNNNNNNN,19690901,,,,EST,Y,C,YYNYNYNN,N400BISCYN,112BSCNN,,192,,,459832500
USGS,255916080085401,G  -1472,GW,255916,0800854,25.98814676,-80.1481012,M,F,NAD27,NAD83,122,12,011,US,NENWNWS27 T51S  R42E  T,NORTH MIAMI,  24000, 10.40,L, .1,NGVD29,03090202,21,F,NNNNNNNNNNNNNNNNNNNNNNNNNNNNNN,19691001,,,,EST,Y,C,YYNYNYNN,,,,20.50,20.50,S,459832500
USGS,255916080090401,G  -1435,GW,255916.27,0800904.46,25.98785278,-80.15123889,N,1,NAD83,NAD83,122,12,011,US,NENENES28 T51S  R42E  T,NORTH MIAMI,  24000, 11.77,M, .1,NGVD29,03090202,21,F,NNNNNNNNNNNNNNNNNNNNNNNNNNNNNN,19690901,,,,EST,Y,C,YYNYNYNN,N400BISCYN,112BSCNN,,204,,,2080-00200
USGS,255916080092001,G  -2965,GW,255920,0800917.3,25.98888889,-80.1548056,G,1,NAD83,NAD83,122,12,011,US,  NWNES28 T51S  R42E  T,,, 10.8,L, .5,NGVD29,03090202,21,F,NNNNNNNNNNNNNNNNNNNNNNNNNNNNNN,20050420,20050901,,,EST,Y,U,YY   Y,N400BISCYN,112BSCNN,U,175,190,D,2080-00200
USGS,255917080083201,G  -1432,GW,255917,0800832,25.9884245,-80.1419899,M,F,NAD27,NAD83,122,12,011,US,NENWNWS27 T51S  R42E  T,NORTH MIAMI,  24000, 5.00,M, 5.,NGVD29,03090202,21,F,NNNNNNNNNNNNNNNNNNNNNNNNNNNNNN,19690701,,,,EST,Y,C,YYNYNYNN,N400BISCYN,112BSCNN,,109,,,459800200
USGS,255918080091801,G  -1473,GW,255918,0800918,25.9887023,-80.15476809,M,S,NAD27,NAD83,122,12,011,US,NENWNES28 T51S  R42E  T,NORTH MIAMI,  24000, 11.0,U, .1,NGVD29,03090202,21,F,NNNNNNNNNNNNNNNNNNNNNNNNNNNNNN,19691125,,,,EST,Y,C,YYNYNYNN,N400BISCYN,112BSCNN,,132,,S,2080-00200
USGS,255918080091802,G  -2328,GW,255918,0800918,25.9887023,-80.15476809,M,S,NAD27,NAD83,122,12,011,US,NWNWNES28 T51S  R42E  T,NORTH MIAMI,24000,,,,,03090202,21,F,NNNNNNNNNNNNNNNNNNNNNNNNNNNNNN,19810709,,,,EST,Y,C,YYNNNNNN,,,,224,299,,9459832500
USGS,255919080091202,G  -2409,GW,255920.1,0800911.6,25.98891667,-80.1532222,G,1,NAD83,NAD83,122,12,011,US,NWNENES28 T51S  R42E  T,NORTH MIAMI,  24000, 10.86,L, .1,NGVD29,03090202,21,F,NNNNNNNNNNNNNNNNNNNNNNNNNNNNNN,19850705,19850709,,,EST,Y,C,YYNNNYNN,N400BISCYN,112BSCNN,U,84,84,D,2080-00200
USGS,255919080091203,G  -2410,GW,255920.1,0800911.9,25.98891667,-80.1533056,G,1,NAD83,NAD83,122,12,011,US,NWNENES28 T51S  R42E  T,NORTH MIAMI,  24000, 10.83,L, .1,NGVD29,03090202,21,F,NNNNNNNNNNNNNNNNNNNNNNNNNNNNNN,19850705,,,,EST,Y,C,YYNNNYNN,N400BISCYN,112BSCNN,U,206,206,D,2080-00200
USGS,255919080091204,G  -2408,GW,255919,0800912,25.98898008,-80.1531014,M,S,NAD27,NAD83,122,12,011,US,NWNENES28 T51S  R42E  T,NORTH MIAMI,  24000, 10.58,L,.01,NGVD29,03090202,21,F,NNNNNNNNNNNNNNNNNNNNNNNNNNNNNN,19850705,,,,EST,Y,C,YYNNNYNN,,,,23,23,S,459800200
USGS,255924080191101,"Well 2, in western Miramar, FL",GW,255924.7,0801911.1,25.99019444,-80.31975,N,T,NAD83,NAD83,122,12,011,US,,,,,,,,03090206,,F,NNNNNNNNNNNNNNNNNNNNNNNNNNNNNN,,200910,,,EST,Y,U, Y,N400BISCYN,112BSCNN,U,,,,
USGS,255936080091701,G  -2477,GW,255937.38,0800918.22,25.99371667,-80.1550611,G,H,NAD83,NAD83,122,12,011,US,SENWSES21 T51S  R42E  T,NORTH MIAMI,  24000, 12.92,L, .1,NGVD29,03090202,21,F,NNNNNNNNNNNNNNNNNNNNNNNNNNNNNN,19880114,19880122,,,EST,Y,C,YYNNNYNN,N400BISCYN,112BSCNN,U,80,80,D,2080-00200
USGS,255936080091702,G  -2478,GW,255937.38,0800917.97,25.99371667,-80.1549917,G,H,NAD83,NAD83,122,12,011,US,SENWSES21 T51S  R42E  T,NORTH MIAMI,  24000, 12.80,L, .1,NGVD29,03090202,21,F,NNNNNNNNNNNNNNNNNNNNNNNNNNNNNN,19880113,19880122,,,EST,Y,C,YYNNNYNN,N400BISCYN,112BSCNN,U,200,200,D,2080-00200
USGS,255937080094401,G  -2089,GW,255937,0800944,25.99397993,-80.1619905,M,F,NAD27,NAD83,122,12,011,US,SWNESWS21 T51S  R42E  T,NORTH MIAMI,  24000, 7.00,M, 5.,NGVD29,03090202,21,F,NNNNNNNNNNNNNNNNNNNNNNNNNNNNNN,19740101,,,,EST,Y,C,YYNYNNNN,N400BISCYN,112BSCNN,,162,,,459832500
USGS,255941080122501,G  -2383,GW,255941,0801225,25.99509115,-80.20671419,M,U,NAD27,NAD83,122,12,011,US,      S   T     R,,,,,,,03090202,21,,NNNNNNNNNNNNNNNNNNNNNNNNNNNNNN,,,,,EST,Y,C,NNNNNNNN,N400BISCYN,112BSCNS,U,11,,,
USGS,255945080151501,S  - 328,GW,255945,0801515,25.99620238,-80.2539379,M,U,NAD27,NAD83,122,12,011,US,      S   T     R,,,,,,,03090202,21,,NNNNNNNNNNNNNNNNNNNNNNNNNNNNNN,,,,,EST,Y,C,NNNNNNNN,,,,,,,
USGS,255948080090901,G  -1241,GW,255948,0800908,25.99703534,-80.1519902,M,S,NAD27,NAD83,122,12,011,US,SENENES21 T51S  R42E  T,NORTH MIAMI,  24000, 9.02,L, .1,NGVD29,03090202,21,F,NNNNNNNNNNNNNNNNNNNNNNNNNNNNNN,19640401,,,,EST,Y,C,YYNYNYNN,N400BISCYN,112BSCNN,,216,,S,2080-00200
USGS,255958080130001,S  - 452,GW,255958,0801300,25.99981324,-80.2164367,M,U,NAD27,NAD83,122,12,011,US,      S   T     R,,,,,,,03090202,21,,NNNNNNNNNNNNNNNNNNNNNNNNNNNNNN,,,,,EST,Y,C,YYNNNNNN,,,,52.2,,,459832500
USGS,255958080150002,S  - 454,GW,255958,0801500,25.99981335,-80.2497711,M,U,NAD27,NAD83,122,12,011,US,      S   T     R,,,,,,,03090202,21,,NNNNNNNNNNNNNNNNNNNNNNNNNNNNNN,,,,,EST,Y,C,YYNNNNNN,,,,100,,,459832500
USGS,255958080150005,S  - 461,GW,255958,0801500,25.99981335,-80.2497711,M,U,NAD27,NAD83,122,12,011,US,      S   T     R,,,,,,,03090202,21,,NNNNNNNNNNNNNNNNNNNNNNNNNNNNNN,,,,,EST,Y,C,YYNNNNNN,,,,51.9,,,459832500
USGS,255958080150006,S  - 462,GW,255958,0801500,25.99981335,-80.2497711,M,U,NAD27,NAD83,122,12,011,US,      S   T     R,,,,,,,03090202,21,,NNNNNNNNNNNNNNNNNNNNNNNNNNNNNN,,,,,EST,Y,C,YYNNNNNN,,,,56.3,,,459832500
USGS,255958080150007,S  - 463,GW,255958,0801500,25.99981335,-80.2497711,M,U,NAD27,NAD83,122,12,011,US,      S   T     R,,,,,,,03090202,21,,NNNNNNNNNNNNNNNNNNNNNNNNNNNNNN,,,,,EST,Y,C,YYNNNNNN,,,,67.1,,,459832500
USGS,255958080150008,S  - 461A,GW,255958,0801500,25.99981335,-80.2497711,M,U,NAD27,NAD83,122,12,011,US,      S   T     R,,,,,,,03090202,21,,NNNNNNNNNNNNNNNNNNNNNNNNNNNNNN,,,,,EST,Y,C,NNNNNNNN,N400BISCYN,112BSCNN,,,,,
USGS,255958080150009,S  - 462A,GW,255958,0801500,25.99981335,-80.2497711,M,U,NAD27,NAD83,122,12,011,US,      S   T     R,,,,,,,03090202,21,,NNNNNNNNNNNNNNNNNNNNNNNNNNNNNN,,,,,EST,Y,C,NNNNNNNN,N400BISCYN,112BSCNN,,,,,
USGS,255958080150010,S  - 463A,GW,255958,0801500,25.99981335,-80.2497711,M,U,NAD27,NAD83,122,12,011,US,,,,,,,,03090202,21,,NNNNNNNNNNNNNNNNNNNNNNNNNNNNNN,,,,,EST,Y,C,NNNNNNNN,N400BISCYN,112BSCNN,,,,,
USGS,255958080150011,S  - 453,GW,255958,0801500,25.99981335,-80.2497711,M,U,NAD27,NAD83,122,12,011,US,,,,,,,,03090202,21,,NNNNNNNNNNNNNNNNNNNNNNNNNNNNNN,,,,,EST,Y,C,YYNNNNNN,,,,50.9,,,459832500
USGS,255958080150012,S  - 464A,GW,255958,0801500,25.99981335,-80.2497711,M,U,NAD27,NAD83,122,12,011,US,,,,,,,,03090202,21,,NNNNNNNNNNNNNNNNNNNNNNNNNNNNNN,,,,,EST,Y,C,YYNNNNNN,,,,104,,,459832500
USGS,263255080195701,MDWS-BZ1,GW,253255,0801957,25.5489963,-80.33227548,M,S,NAD27,NAD83,122,12,086,US,      S21 T56S  R40E  T,PERRINE,24000, 10.00,U, .1,NGVD29,03090202,21,,NNNNNNNNNNNNNNNNNNNNNNNNNNNNNN,19790101,19910114,,,EST,Y,C,YYNNNNNN,S400FLORDN,120FLRD,,2960,3110,,459831200
